{
  "model": "splicemamba",
  "checkpoint": "checkpoints/best.pt",
  "temperature": 1.0,
  "timestamp": "2026-04-30T11:35:39.476011",
  "n_genes": 1652,
  "metrics": {
    "auprc": {
      "auprc_donor": 0.258054273792006,
      "auprc_acceptor": 0.5054089502444216,
      "auprc_mean": 0.3817316120182138
    },
    "auroc": {
      "auroc_donor": 0.9036210529541749,
      "auroc_acceptor": 0.9583666104187663,
      "auroc_mean": 0.9309938316864705
    },
    "topk": {
      "topk_global_acceptor": 0.516971096647771,
      "topk_global_donor": 0.3397018685702288,
      "topk_global_mean": 0.4283364826089999,
      "topk_donor_k0.5": 0.21907813901646808,
      "topk_donor_k1": 0.33640248415985297,
      "topk_donor_k2": 0.4600076583140817,
      "topk_donor_k4": 0.5708081699281126,
      "topk_acceptor_k0.5": 0.3540777221984001,
      "topk_acceptor_k1": 0.5461446418070576,
      "topk_acceptor_k2": 0.678627760340792,
      "topk_acceptor_k4": 0.7746752433286657
    },
    "positional": {
      "positional_donor_mean_offset": 4532.374833228004,
      "positional_donor_median_offset": 472.0,
      "positional_donor_within_1bp": 0.27708728319640474,
      "positional_donor_within_5bp": 0.2943613510287199,
      "positional_acceptor_mean_offset": 4040.853897707231,
      "positional_acceptor_median_offset": 405.0,
      "positional_acceptor_within_1bp": 0.42059964726631394,
      "positional_acceptor_within_5bp": 0.4234920634920635
    },
    "f1_optimal": {
      "f1_acceptor_best": 0.522750676989969,
      "f1_acceptor_threshold": 0.3500000000000001,
      "f1_donor_best": 0.33946578956880036,
      "f1_donor_threshold": 0.3500000000000001
    },
    "threshold_sweep": {
      "acceptor": [
        {
          "threshold": 0.05,
          "precision": 0.00017316037041268168,
          "recall": 1.0,
          "f1": 0.00034626078218006164,
          "tp": 14289,
          "fp": 82504592,
          "fn": 0
        },
        {
          "threshold": 0.1,
          "precision": 0.00017317607441337985,
          "recall": 1.0,
          "f1": 0.0003462921793065473,
          "tp": 14289,
          "fp": 82497109,
          "fn": 0
        },
        {
          "threshold": 0.15,
          "precision": 0.33142359852055986,
          "recall": 0.6396528798376373,
          "f1": 0.43662072754197817,
          "tp": 9140,
          "fp": 18438,
          "fn": 5149
        },
        {
          "threshold": 0.2,
          "precision": 0.43501070663811564,
          "recall": 0.5686892014836588,
          "f1": 0.49294792077406047,
          "tp": 8126,
          "fp": 10554,
          "fn": 6163
        },
        {
          "threshold": 0.25,
          "precision": 0.4938945180566381,
          "recall": 0.5321576037511372,
          "f1": 0.512312615799225,
          "tp": 7604,
          "fp": 7792,
          "fn": 6685
        },
        {
          "threshold": 0.3,
          "precision": 0.5390331782014712,
          "recall": 0.5025544124851284,
          "f1": 0.5201550106841476,
          "tp": 7181,
          "fp": 6141,
          "fn": 7108
        },
        {
          "threshold": 0.35,
          "precision": 0.5744341994970662,
          "recall": 0.4795996920708237,
          "f1": 0.522750676989969,
          "tp": 6853,
          "fp": 5077,
          "fn": 7436
        },
        {
          "threshold": 0.4,
          "precision": 0.605543710021322,
          "recall": 0.45713485898243406,
          "f1": 0.520976232253948,
          "tp": 6532,
          "fp": 4255,
          "fn": 7757
        },
        {
          "threshold": 0.45,
          "precision": 0.6340300324675324,
          "recall": 0.437329414234726,
          "f1": 0.5176226962103955,
          "tp": 6249,
          "fp": 3607,
          "fn": 8040
        },
        {
          "threshold": 0.5,
          "precision": 0.6586734132658674,
          "recall": 0.41906361536846526,
          "f1": 0.5122326775021386,
          "tp": 5988,
          "fp": 3103,
          "fn": 8301
        },
        {
          "threshold": 0.55,
          "precision": 0.682146665087075,
          "recall": 0.4029673175169711,
          "f1": 0.5066432028156622,
          "tp": 5758,
          "fp": 2683,
          "fn": 8531
        },
        {
          "threshold": 0.6,
          "precision": 0.7037796284433055,
          "recall": 0.38442158303590174,
          "f1": 0.49723906943061463,
          "tp": 5493,
          "fp": 2312,
          "fn": 8796
        },
        {
          "threshold": 0.65,
          "precision": 0.7257795100222717,
          "recall": 0.3648960739030023,
          "f1": 0.48563312066315845,
          "tp": 5214,
          "fp": 1970,
          "fn": 9075
        },
        {
          "threshold": 0.7,
          "precision": 0.7480684744735646,
          "recall": 0.3455805164812093,
          "f1": 0.4727620871230253,
          "tp": 4938,
          "fp": 1663,
          "fn": 9351
        },
        {
          "threshold": 0.75,
          "precision": 0.769576059850374,
          "recall": 0.32395549023724546,
          "f1": 0.45596926713947994,
          "tp": 4629,
          "fp": 1386,
          "fn": 9660
        },
        {
          "threshold": 0.8,
          "precision": 0.7930399558092432,
          "recall": 0.3014206732451536,
          "f1": 0.436815415821501,
          "tp": 4307,
          "fp": 1124,
          "fn": 9982
        },
        {
          "threshold": 0.85,
          "precision": 0.8188299433843573,
          "recall": 0.2732871439568899,
          "f1": 0.40980165809633756,
          "tp": 3905,
          "fp": 864,
          "fn": 10384
        },
        {
          "threshold": 0.9,
          "precision": 0.8430930930930931,
          "recall": 0.23577577157253832,
          "f1": 0.3684987694831829,
          "tp": 3369,
          "fp": 627,
          "fn": 10920
        },
        {
          "threshold": 0.95,
          "precision": 0.8827229004809471,
          "recall": 0.16698159423332634,
          "f1": 0.2808380414312618,
          "tp": 2386,
          "fp": 317,
          "fn": 11903
        },
        {
          "threshold": 0.96,
          "precision": 0.8974473802060009,
          "recall": 0.14024774301910561,
          "f1": 0.24258564338457814,
          "tp": 2004,
          "fp": 229,
          "fn": 12285
        },
        {
          "threshold": 0.97,
          "precision": 0.9114173228346457,
          "recall": 0.09720764224228427,
          "f1": 0.17567823942325936,
          "tp": 1389,
          "fp": 135,
          "fn": 12900
        },
        {
          "threshold": 0.98,
          "precision": 0.907608695652174,
          "recall": 0.011687311918258801,
          "f1": 0.023077454570579702,
          "tp": 167,
          "fp": 17,
          "fn": 14122
        },
        {
          "threshold": 0.99,
          "precision": 0.0,
          "recall": 0.0,
          "f1": 0.0,
          "tp": 0,
          "fp": 0,
          "fn": 14289
        },
        {
          "threshold": 1.0,
          "precision": 0.0,
          "recall": 0.0,
          "f1": 0.0,
          "tp": 0,
          "fp": 0,
          "fn": 14289
        }
      ],
      "donor": [
        {
          "threshold": 0.05,
          "precision": 0.00017315996331757232,
          "recall": 1.0,
          "f1": 0.0003462599682717403,
          "tp": 14289,
          "fp": 82504786,
          "fn": 0
        },
        {
          "threshold": 0.1,
          "precision": 0.0001731731948885003,
          "recall": 1.0,
          "f1": 0.0003462864222509129,
          "tp": 14289,
          "fp": 82498481,
          "fn": 0
        },
        {
          "threshold": 0.15,
          "precision": 0.20098817716604905,
          "recall": 0.4782699979004829,
          "f1": 0.28303410573398774,
          "tp": 6834,
          "fp": 27168,
          "fn": 7455
        },
        {
          "threshold": 0.2,