{
  "model": "splicemamba",
  "checkpoint": "checkpoints/best.pt",
  "temperature": 1.0,
  "timestamp": "2026-04-30T18:27:38.285907",
  "n_genes": 1497,
  "metrics": {
    "auprc": {
      "auprc_donor": 0.9701027916420438,
      "auprc_acceptor": 0.9628664091635284,
      "auprc_mean": 0.966484600402786
    },
    "auroc": {
      "auroc_donor": 0.998625049452194,
      "auroc_acceptor": 0.997369404387395,
      "auroc_mean": 0.9979972269197945
    },
    "topk": {
      "topk_global_acceptor": 0.9213378030716457,
      "topk_global_donor": 0.9266391206049739,
      "topk_global_mean": 0.9239884618383098,
      "topk_donor_k0.5": 0.48595426087687404,
      "topk_donor_k1": 0.9209759088747985,
      "topk_donor_k2": 0.9771147380048617,
      "topk_donor_k4": 0.9893711283019311,
      "topk_acceptor_k0.5": 0.4867709143598529,
      "topk_acceptor_k1": 0.9156709625119837,
      "topk_acceptor_k2": 0.973248897576934,
      "topk_acceptor_k4": 0.9847513143574401
    },
    "positional": {
      "positional_donor_mean_offset": 108.00997895065098,
      "positional_donor_median_offset": 0.0,
      "positional_donor_within_1bp": 0.9662430810010135,
      "positional_donor_within_5bp": 0.9675684103843455,
      "positional_acceptor_mean_offset": 125.0688391673813,
      "positional_acceptor_median_offset": 0.0,
      "positional_acceptor_within_1bp": 0.9614874873314103,
      "positional_acceptor_within_5bp": 0.9650736727216028
    },
    "f1_optimal": {
      "f1_acceptor_best": 0.9214083621502673,
      "f1_acceptor_threshold": 0.8500000000000002,
      "f1_donor_best": 0.9270837419101784,
      "f1_donor_threshold": 0.8500000000000002
    },
    "threshold_sweep": {
      "acceptor": [
        {
          "threshold": 0.05,
          "precision": 0.00017118287674779492,
          "recall": 1.0,
          "f1": 0.0003423071563718307,
          "tp": 12827,
          "fp": 74918733,
          "fn": 0
        },
        {
          "threshold": 0.1,
          "precision": 0.00017119204959938297,
          "recall": 1.0,
          "f1": 0.00034232549579551054,
          "tp": 12827,
          "fp": 74914718,
          "fn": 0
        },
        {
          "threshold": 0.15,
          "precision": 0.41192747159738274,
          "recall": 0.9865128245107976,
          "f1": 0.5811785238598265,
          "tp": 12654,
          "fp": 18065,
          "fn": 173
        },
        {
          "threshold": 0.2,
          "precision": 0.548041775456919,
          "recall": 0.9818351913931551,
          "f1": 0.703437875275784,
          "tp": 12594,
          "fp": 10386,
          "fn": 233
        },
        {
          "threshold": 0.25,
          "precision": 0.618876293740759,
          "recall": 0.9789506509706088,
          "f1": 0.7583416372255941,
          "tp": 12557,
          "fp": 7733,
          "fn": 270
        },
        {
          "threshold": 0.3,
          "precision": 0.6699662903312109,
          "recall": 0.9761440711000234,
          "f1": 0.7945805305241781,
          "tp": 12521,
          "fp": 6168,
          "fn": 306
        },
        {
          "threshold": 0.35,
          "precision": 0.7120451693851945,
          "recall": 0.9733374912294379,
          "f1": 0.8224366786337735,
          "tp": 12485,
          "fp": 5049,
          "fn": 342
        },
        {
          "threshold": 0.4,
          "precision": 0.7431762527623484,
          "recall": 0.9700631480470882,
          "f1": 0.8415962123774096,
          "tp": 12443,
          "fp": 4300,
          "fn": 384
        },
        {
          "threshold": 0.45,
          "precision": 0.7699993793831068,
          "recall": 0.9672565681765027,
          "f1": 0.8574291637871458,
          "tp": 12407,
          "fp": 3706,
          "fn": 420
        },
        {
          "threshold": 0.5,
          "precision": 0.7943973271652531,
          "recall": 0.9639042644421922,
          "f1": 0.8709802402169701,
          "tp": 12364,
          "fp": 3200,
          "fn": 463
        },
        {
          "threshold": 0.55,
          "precision": 0.8150721185655684,
          "recall": 0.9603960396039604,
          "f1": 0.881786621810243,
          "tp": 12319,
          "fp": 2795,
          "fn": 508
        },
        {
          "threshold": 0.6,
          "precision": 0.8365732214719324,
          "recall": 0.9561861697980821,
          "f1": 0.8923894062863795,
          "tp": 12265,
          "fp": 2396,
          "fn": 562
        },
        {
          "threshold": 0.65,
          "precision": 0.8561509328096507,
          "recall": 0.9516644577843612,
          "f1": 0.901384530182758,
          "tp": 12207,
          "fp": 2051,
          "fn": 620
        },
        {
          "threshold": 0.7,
          "precision": 0.874333477446318,
          "recall": 0.9459733374912295,
          "f1": 0.908743680958622,
          "tp": 12134,
          "fp": 1744,
          "fn": 693
        },
        {
          "threshold": 0.75,
          "precision": 0.892745883400089,
          "recall": 0.9383332033990801,
          "f1": 0.9149720627922004,
          "tp": 12036,
          "fp": 1446,
          "fn": 791
        },
        {
          "threshold": 0.8,
          "precision": 0.9111230192145755,
          "recall": 0.9278864894363452,
          "f1": 0.9194283507145616,
          "tp": 11902,
          "fp": 1161,
          "fn": 925
        },
        {
          "threshold": 0.85,
          "precision": 0.928927977180889,
          "recall": 0.9140095111873392,
          "f1": 0.9214083621502673,
          "tp": 11724,
          "fp": 897,
          "fn": 1103
        },
        {
          "threshold": 0.9,
          "precision": 0.9482214095744681,
          "recall": 0.8894519373197162,
          "f1": 0.9178969387344623,
          "tp": 11409,
          "fp": 623,
          "fn": 1418
        },
        {
          "threshold": 0.95,
          "precision": 0.9732580734708985,
          "recall": 0.8199890855227255,
          "f1": 0.8900736227468902,
          "tp": 10518,
          "fp": 289,
          "fn": 2309
        },
        {
          "threshold": 0.96,
          "precision": 0.9784789171292239,
          "recall": 0.7833476261011928,
          "f1": 0.8701073779009352,
          "tp": 10048,
          "fp": 221,
          "fn": 2779
        },
        {
          "threshold": 0.97,
          "precision": 0.9856666666666667,
          "recall": 0.6915880564434396,
          "f1": 0.8128464745498695,
          "tp": 8871,
          "fp": 129,
          "fn": 3956
        },
        {
          "threshold": 0.98,
          "precision": 0.9922374429223745,
          "recall": 0.16940827941061823,
          "f1": 0.28940534061397083,
          "tp": 2173,
          "fp": 17,
          "fn": 10654
        },
        {
          "threshold": 0.99,
          "precision": 0.0,
          "recall": 0.0,
          "f1": 0.0,
          "tp": 0,
          "fp": 0,
          "fn": 12827
        },
        {
          "threshold": 1.0,
          "precision": 0.0,
          "recall": 0.0,
          "f1": 0.0,
          "tp": 0,
          "fp": 0,
          "fn": 12827
        }
      ],
      "donor": [
        {
          "threshold": 0.05,
          "precision": 0.00017118282191925903,
          "recall": 1.0,
          "f1": 0.0003423070467522921,
          "tp": 12827,
          "fp": 74918757,
          "fn": 0
        },
        {
          "threshold": 0.1,
          "precision": 0.00017119259794543524,
          "recall": 1.0,
          "f1": 0.00034232659211222096,
          "tp": 12827,
          "fp": 74914478,
          "fn": 0
        },
        {
          "threshold": 0.15,
          "precision": 0.41818241620892677,
          "recall": 0.99119045762844,
          "f1": 0.5882026370575989,
          "tp": 12714,
          "fp": 17689,
          "fn": 113
        },
        {
          "threshold": 0.2,
          "precision": 0.5640065944838034,