{
  "model": "splicemamba",
  "checkpoint": "checkpoints/best.pt",
  "temperature": 1.0,
  "timestamp": "2026-04-30T11:57:21.103551",
  "n_genes": 1652,
  "metrics": {
    "auprc": {
      "auprc_donor": 0.9458003456989412,
      "auprc_acceptor": 0.9273803374767968,
      "auprc_mean": 0.936590341587869
    },
    "auroc": {
      "auroc_donor": 0.9968355794343494,
      "auroc_acceptor": 0.9911169885850037,
      "auroc_mean": 0.9939762840096766
    },
    "topk": {
      "topk_global_acceptor": 0.8856463013506893,
      "topk_global_donor": 0.8964238225208202,
      "topk_global_mean": 0.8910350619357548,
      "topk_donor_k0.5": 0.4764194583330337,
      "topk_donor_k1": 0.883085530898326,
      "topk_donor_k2": 0.9533522872592183,
      "topk_donor_k4": 0.9695031014522347,
      "topk_acceptor_k0.5": 0.47215200529929496,
      "topk_acceptor_k1": 0.8759309941406558,
      "topk_acceptor_k2": 0.9395944580441961,
      "topk_acceptor_k4": 0.9588325180534241
    },
    "positional": {
      "positional_donor_mean_offset": 165.92040115015078,
      "positional_donor_median_offset": 0.0,
      "positional_donor_within_1bp": 0.9438249526614769,
      "positional_donor_within_5bp": 0.9456483624377586,
      "positional_acceptor_mean_offset": 215.3281206171108,
      "positional_acceptor_median_offset": 0.0,
      "positional_acceptor_within_1bp": 0.9391304347826087,
      "positional_acceptor_within_5bp": 0.9425666199158486
    },
    "f1_optimal": {
      "f1_acceptor_best": 0.8869847314785431,
      "f1_acceptor_threshold": 0.8000000000000002,
      "f1_donor_best": 0.8974006277995272,
      "f1_donor_threshold": 0.8000000000000002
    },
    "threshold_sweep": {
      "acceptor": [
        {
          "threshold": 0.05,
          "precision": 0.00017320956116777646,
          "recall": 1.0,
          "f1": 0.0003463591296227045,
          "tp": 14289,
          "fp": 82481157,
          "fn": 0
        },
        {
          "threshold": 0.1,
          "precision": 0.00017322020902438618,
          "recall": 1.0,
          "f1": 0.0003463804179603713,
          "tp": 14289,
          "fp": 82476086,
          "fn": 0
        },
        {
          "threshold": 0.15,
          "precision": 0.3952475811041548,
          "recall": 0.9720064385191406,
          "f1": 0.5619777863197718,
          "tp": 13889,
          "fp": 21251,
          "fn": 400
        },
        {
          "threshold": 0.2,
          "precision": 0.5234137826350941,
          "recall": 0.9652879837637344,
          "f1": 0.6787726679953742,
          "tp": 13793,
          "fp": 12559,
          "fn": 496
        },
        {
          "threshold": 0.25,
          "precision": 0.5956606639184204,
          "recall": 0.9606690461193925,
          "f1": 0.7353618685380618,
          "tp": 13727,
          "fp": 9318,
          "fn": 562
        },
        {
          "threshold": 0.3,
          "precision": 0.64673578563651,
          "recall": 0.9560501084750508,
          "f1": 0.7715463684626681,
          "tp": 13661,
          "fp": 7462,
          "fn": 628
        },
        {
          "threshold": 0.35,
          "precision": 0.6867981790591806,
          "recall": 0.9502414444677724,
          "f1": 0.7973222936668722,
          "tp": 13578,
          "fp": 6192,
          "fn": 711
        },
        {
          "threshold": 0.4,
          "precision": 0.7180291272456681,
          "recall": 0.9454125551123241,
          "f1": 0.8161798024348246,
          "tp": 13509,
          "fp": 5305,
          "fn": 780
        },
        {
          "threshold": 0.45,
          "precision": 0.7465524911032029,
          "recall": 0.9396038911050458,
          "f1": 0.832026771604747,
          "tp": 13426,
          "fp": 4558,
          "fn": 863
        },
        {
          "threshold": 0.5,
          "precision": 0.7706300167465496,
          "recall": 0.9339351949051719,
          "f1": 0.8444599126748085,
          "tp": 13345,
          "fp": 3972,
          "fn": 944
        },
        {
          "threshold": 0.55,
          "precision": 0.7937391512539654,
          "recall": 0.9280565469941914,
          "f1": 0.855658794683185,
          "tp": 13261,
          "fp": 3446,
          "fn": 1028
        },
        {
          "threshold": 0.6,
          "precision": 0.8137576620642685,
          "recall": 0.9197984463573378,
          "f1": 0.8635348226018398,
          "tp": 13143,
          "fp": 3008,
          "fn": 1146
        },
        {
          "threshold": 0.65,
          "precision": 0.835799859055673,
          "recall": 0.9130100076982294,
          "f1": 0.872700515084621,
          "tp": 13046,
          "fp": 2563,
          "fn": 1243
        },
        {
          "threshold": 0.7,
          "precision": 0.8552614162806089,
          "recall": 0.9044019875428652,
          "f1": 0.8791455491683392,
          "tp": 12923,
          "fp": 2187,
          "fn": 1366
        },
        {
          "threshold": 0.75,
          "precision": 0.8726415094339622,
          "recall": 0.8933445307579256,
          "f1": 0.8828716671853927,
          "tp": 12765,
          "fp": 1863,
          "fn": 1524
        },
        {
          "threshold": 0.8,
          "precision": 0.8938877043354655,
          "recall": 0.8801875568619217,
          "f1": 0.8869847314785431,
          "tp": 12577,
          "fp": 1493,
          "fn": 1712
        },
        {
          "threshold": 0.85,
          "precision": 0.9131274131274131,
          "recall": 0.8606620477290223,
          "f1": 0.8861188168750224,
          "tp": 12298,
          "fp": 1170,
          "fn": 1991
        },
        {
          "threshold": 0.9,
          "precision": 0.9351299785356547,
          "recall": 0.8232206592483728,
          "f1": 0.8756141134435016,
          "tp": 11763,
          "fp": 816,
          "fn": 2526
        },
        {
          "threshold": 0.95,
          "precision": 0.9626418227100821,
          "recall": 0.7303520190356219,
          "f1": 0.8305610823716674,
          "tp": 10436,
          "fp": 405,
          "fn": 3853
        },
        {
          "threshold": 0.96,
          "precision": 0.9680819329820026,
          "recall": 0.6813632864441178,
          "f1": 0.7998028423560338,
          "tp": 9736,
          "fp": 321,
          "fn": 4553
        },
        {
          "threshold": 0.97,
          "precision": 0.975927902288628,
          "recall": 0.5759675274686822,
          "f1": 0.7244080626705396,
          "tp": 8230,
          "fp": 203,
          "fn": 6059
        },
        {
          "threshold": 0.98,
          "precision": 0.9823062843197071,
          "recall": 0.1126740849604591,
          "f1": 0.20215971873430436,
          "tp": 1610,
          "fp": 29,
          "fn": 12679
        },
        {
          "threshold": 0.99,
          "precision": 0.0,
          "recall": 0.0,
          "f1": 0.0,
          "tp": 0,
          "fp": 0,
          "fn": 14289
        },
        {
          "threshold": 1.0,
          "precision": 0.0,
          "recall": 0.0,
          "f1": 0.0,
          "tp": 0,
          "fp": 0,
          "fn": 14289
        }
      ],
      "donor": [
        {
          "threshold": 0.05,
          "precision": 0.00017320950867714908,
          "recall": 1.0,
          "f1": 0.00034635902467780783,
          "tp": 14289,
          "fp": 82481182,
          "fn": 0
        },
        {
          "threshold": 0.1,
          "precision": 0.00017322095028656921,
          "recall": 1.0,
          "f1": 0.00034638189997126335,
          "tp": 14289,
          "fp": 82475733,
          "fn": 0
        },
        {
          "threshold": 0.15,
          "precision": 0.40130827239488115,
          "recall": 0.9832038631114843,
          "f1": 0.5699738320790312,
          "tp": 14049,
          "fp": 20959,
          "fn": 240
        },
        {
          "threshold": 0.2,