{
  "model": "splicemamba",
  "checkpoint": "checkpoints/best.pt",
  "temperature": 1.0,
  "timestamp": "2026-04-30T14:40:30.371690",
  "n_genes": 1652,
  "metrics": {
    "auprc": {
      "auprc_donor": 0.9651001800821675,
      "auprc_acceptor": 0.9578038379367098,
      "auprc_mean": 0.9614520090094386
    },
    "auroc": {
      "auroc_donor": 0.9969913641696379,
      "auroc_acceptor": 0.9964684871394638,
      "auroc_mean": 0.9967299256545508
    },
    "topk": {
      "topk_global_acceptor": 0.9197284624536357,
      "topk_global_donor": 0.925537126460914,
      "topk_global_mean": 0.9226327944572749,
      "topk_donor_k0.5": 0.47812029843857196,
      "topk_donor_k1": 0.9056001182714366,
      "topk_donor_k2": 0.9599554048253339,
      "topk_donor_k4": 0.9719295228511982,
      "topk_acceptor_k0.5": 0.47686277976549507,
      "topk_acceptor_k1": 0.8983758678245498,
      "topk_acceptor_k2": 0.9548842698269275,
      "topk_acceptor_k4": 0.9677634645531813
    },
    "positional": {
      "positional_donor_mean_offset": 105.51258854057087,
      "positional_donor_median_offset": 0.0,
      "positional_donor_within_1bp": 0.9651448208149239,
      "positional_donor_within_5bp": 0.9666877060102391,
      "positional_acceptor_mean_offset": 136.94011220196353,
      "positional_acceptor_median_offset": 0.0,
      "positional_acceptor_within_1bp": 0.9596774193548387,
      "positional_acceptor_within_5bp": 0.9632538569424965
    },
    "f1_optimal": {
      "f1_acceptor_best": 0.9200239681364775,
      "f1_acceptor_threshold": 0.8500000000000002,
      "f1_donor_best": 0.9257605064181467,
      "f1_donor_threshold": 0.8500000000000002
    },
    "threshold_sweep": {
      "acceptor": [
        {
          "threshold": 0.05,
          "precision": 0.00017317894563848783,
          "recall": 1.0,
          "f1": 0.00034629791976835335,
          "tp": 14289,
          "fp": 82495741,
          "fn": 0
        },
        {
          "threshold": 0.1,
          "precision": 0.00017318808256067033,
          "recall": 1.0,
          "f1": 0.0003463161872849051,
          "tp": 14289,
          "fp": 82491388,
          "fn": 0
        },
        {
          "threshold": 0.15,
          "precision": 0.4141765729624495,
          "recall": 0.9826439918818671,
          "f1": 0.5827350072629176,
          "tp": 14041,
          "fp": 19860,
          "fn": 248
        },
        {
          "threshold": 0.2,
          "precision": 0.5485871271585557,
          "recall": 0.9782350059486318,
          "f1": 0.7029595916417309,
          "tp": 13978,
          "fp": 11502,
          "fn": 311
        },
        {
          "threshold": 0.25,
          "precision": 0.6210878288007133,
          "recall": 0.9749457624746308,
          "f1": 0.7587897273890902,
          "tp": 13931,
          "fp": 8499,
          "fn": 358
        },
        {
          "threshold": 0.3,
          "precision": 0.6709960890348124,
          "recall": 0.9725663097487578,
          "f1": 0.7941142857142858,
          "tp": 13897,
          "fp": 6814,
          "fn": 392
        },
        {
          "threshold": 0.35,
          "precision": 0.7119593136751259,
          "recall": 0.9699069214080761,
          "f1": 0.8211524218634276,
          "tp": 13859,
          "fp": 5607,
          "fn": 430
        },
        {
          "threshold": 0.4,
          "precision": 0.7421572840567254,
          "recall": 0.9668976135488837,
          "f1": 0.8397507977511017,
          "tp": 13816,
          "fp": 4800,
          "fn": 473
        },
        {
          "threshold": 0.45,
          "precision": 0.7681369542184799,
          "recall": 0.9640282734970956,
          "f1": 0.8550058965923905,
          "tp": 13775,
          "fp": 4158,
          "fn": 514
        },
        {
          "threshold": 0.5,
          "precision": 0.7927033423771864,
          "recall": 0.9610189656379032,
          "f1": 0.8687840060736429,
          "tp": 13732,
          "fp": 3591,
          "fn": 557
        },
        {
          "threshold": 0.55,
          "precision": 0.8136660724896019,
          "recall": 0.9583595772972217,
          "f1": 0.8801054018445322,
          "tp": 13694,
          "fp": 3136,
          "fn": 595
        },
        {
          "threshold": 0.6,
          "precision": 0.8345169584914901,
          "recall": 0.9539505913639863,
          "f1": 0.8902458936093786,
          "tp": 13631,
          "fp": 2703,
          "fn": 658
        },
        {
          "threshold": 0.65,
          "precision": 0.854317566290861,
          "recall": 0.9492616698159423,
          "f1": 0.8992905920572829,
          "tp": 13564,
          "fp": 2313,
          "fn": 725
        },
        {
          "threshold": 0.7,
          "precision": 0.8726778432260988,
          "recall": 0.9435229897123661,
          "f1": 0.9067186764409173,
          "tp": 13482,
          "fp": 1967,
          "fn": 807
        },
        {
          "threshold": 0.75,
          "precision": 0.8895020277907054,
          "recall": 0.9363146476310449,
          "f1": 0.9123082168428231,
          "tp": 13379,
          "fp": 1662,
          "fn": 910
        },
        {
          "threshold": 0.8,
          "precision": 0.9090846713325099,
          "recall": 0.9272167401497655,
          "f1": 0.9180611856009423,
          "tp": 13249,
          "fp": 1325,
          "fn": 1040
        },
        {
          "threshold": 0.85,
          "precision": 0.9267859679022866,
          "recall": 0.9133599272167402,
          "f1": 0.9200239681364775,
          "tp": 13051,
          "fp": 1031,
          "fn": 1238
        },
        {
          "threshold": 0.9,
          "precision": 0.9463741167720342,
          "recall": 0.8904751907061376,
          "f1": 0.9175740967765198,
          "tp": 12724,
          "fp": 721,
          "fn": 1565
        },
        {
          "threshold": 0.95,
          "precision": 0.9717081996874743,
          "recall": 0.8268598222408846,
          "f1": 0.8934513006654566,
          "tp": 11815,
          "fp": 344,
          "fn": 2474
        },
        {
          "threshold": 0.96,
          "precision": 0.9763385146804836,
          "recall": 0.791238015256491,
          "f1": 0.8740964088291004,
          "tp": 11306,
          "fp": 274,
          "fn": 2983
        },
        {
          "threshold": 0.97,
          "precision": 0.9839945011783189,
          "recall": 0.7013086989992302,
          "f1": 0.8189433252972665,
          "tp": 10021,
          "fp": 163,
          "fn": 4268
        },
        {
          "threshold": 0.98,
          "precision": 0.9906976744186047,
          "recall": 0.1788788578626916,
          "f1": 0.3030410812733416,
          "tp": 2556,
          "fp": 24,
          "fn": 11733
        },
        {
          "threshold": 0.99,
          "precision": 0.0,
          "recall": 0.0,
          "f1": 0.0,
          "tp": 0,
          "fp": 0,
          "fn": 14289
        },
        {
          "threshold": 1.0,
          "precision": 0.0,
          "recall": 0.0,
          "f1": 0.0,
          "tp": 0,
          "fp": 0,
          "fn": 14289
        }
      ],
      "donor": [
        {
          "threshold": 0.05,
          "precision": 0.00017317890156194426,
          "recall": 1.0,
          "f1": 0.0003462978316457908,
          "tp": 14289,
          "fp": 82495762,
          "fn": 0
        },
        {
          "threshold": 0.1,
          "precision": 0.00017318873328567825,
          "recall": 1.0,
          "f1": 0.0003463174882842459,
          "tp": 14289,
          "fp": 82491078,
          "fn": 0
        },
        {
          "threshold": 0.15,
          "precision": 0.4222149076872438,
          "recall": 0.9874728812373155,
          "f1": 0.5915150498868115,
          "tp": 14110,
          "fp": 19309,
          "fn": 179
        },
        {
          "threshold": 0.2,