{
  "model": "splicemamba",
  "checkpoint": "checkpoints/best.pt",
  "temperature": 1.0,
  "timestamp": "2026-04-30T17:45:52.546798",
  "n_genes": 1497,
  "metrics": {
    "auprc": {
      "auprc_donor": 0.9731474549299071,
      "auprc_acceptor": 0.9682231908643442,
      "auprc_mean": 0.9706853228971256
    },
    "auroc": {
      "auroc_donor": 0.9987944319959745,
      "auroc_acceptor": 0.9982854945315532,
      "auroc_mean": 0.9985399632637639
    },
    "topk": {
      "topk_global_acceptor": 0.9267170811569346,
      "topk_global_donor": 0.9320183986902627,
      "topk_global_mean": 0.9293677399235987,
      "topk_donor_k0.5": 0.4871948455342923,
      "topk_donor_k1": 0.9277236203075581,
      "topk_donor_k2": 0.9793870697832646,
      "topk_donor_k4": 0.9905394001085384,
      "topk_acceptor_k0.5": 0.4896038022312389,
      "topk_acceptor_k1": 0.9233257532553922,
      "topk_acceptor_k2": 0.9773246613291974,
      "topk_acceptor_k4": 0.9872896852053661
    },
    "positional": {
      "positional_donor_mean_offset": 101.59865907850627,
      "positional_donor_median_offset": 0.0,
      "positional_donor_within_1bp": 0.9702970297029703,
      "positional_donor_within_5bp": 0.9717003196382631,
      "positional_acceptor_mean_offset": 107.9625009745069,
      "positional_acceptor_median_offset": 0.0,
      "positional_acceptor_within_1bp": 0.9646059094098386,
      "positional_acceptor_within_5bp": 0.9681920948000312
    },
    "f1_optimal": {
      "f1_acceptor_best": 0.9271216989264165,
      "f1_acceptor_threshold": 0.8500000000000002,
      "f1_donor_best": 0.9321762245416519,
      "f1_donor_threshold": 0.8500000000000002
    },
    "threshold_sweep": {
      "acceptor": [
        {
          "threshold": 0.05,
          "precision": 0.0001711829589906646,
          "recall": 1.0,
          "f1": 0.00034230732080127023,
          "tp": 12827,
          "fp": 74918697,
          "fn": 0
        },
        {
          "threshold": 0.1,
          "precision": 0.00017119184397051902,
          "recall": 1.0,
          "f1": 0.0003423250846785546,
          "tp": 12827,
          "fp": 74914808,
          "fn": 0
        },
        {
          "threshold": 0.15,
          "precision": 0.41767941244277573,
          "recall": 0.9886957199656974,
          "f1": 0.5872655707339661,
          "tp": 12682,
          "fp": 17681,
          "fn": 145
        },
        {
          "threshold": 0.2,
          "precision": 0.5526626701089572,
          "recall": 0.9846417712637405,
          "f1": 0.7079596412556053,
          "tp": 12630,
          "fp": 10223,
          "fn": 197
        },
        {
          "threshold": 0.25,
          "precision": 0.6257516274909308,
          "recall": 0.9816792702892336,
          "f1": 0.7643095599393019,
          "tp": 12592,
          "fp": 7531,
          "fn": 235
        },
        {
          "threshold": 0.3,
          "precision": 0.6765577036997146,
          "recall": 0.9794184142823731,
          "f1": 0.8002930309593579,
          "tp": 12563,
          "fp": 6006,
          "fn": 264
        },
        {
          "threshold": 0.35,
          "precision": 0.7180677325081657,
          "recall": 0.9769236766196304,
          "f1": 0.8277297047361121,
          "tp": 12531,
          "fp": 4920,
          "fn": 296
        },
        {
          "threshold": 0.4,
          "precision": 0.7484272961476245,
          "recall": 0.9738832150931629,
          "f1": 0.8463988075072838,
          "tp": 12492,
          "fp": 4199,
          "fn": 335
        },
        {
          "threshold": 0.45,
          "precision": 0.7745707887534212,
          "recall": 0.9707647930147345,
          "f1": 0.8616406601390858,
          "tp": 12452,
          "fp": 3624,
          "fn": 375
        },
        {
          "threshold": 0.5,
          "precision": 0.7988420714055967,
          "recall": 0.9681141342480705,
          "f1": 0.8753700831806006,
          "tp": 12418,
          "fp": 3127,
          "fn": 409
        },
        {
          "threshold": 0.55,
          "precision": 0.8198663225464893,
          "recall": 0.9658532782412099,
          "f1": 0.8868924046102082,
          "tp": 12389,
          "fp": 2722,
          "fn": 438
        },
        {
          "threshold": 0.6,
          "precision": 0.8409354332856072,
          "recall": 0.9615654478833711,
          "f1": 0.8972139375863826,
          "tp": 12334,
          "fp": 2333,
          "fn": 493
        },
        {
          "threshold": 0.65,
          "precision": 0.8606884947065835,
          "recall": 0.95704373586965,
          "f1": 0.906312292358804,
          "tp": 12276,
          "fp": 1987,
          "fn": 551
        },
        {
          "threshold": 0.7,
          "precision": 0.8786809705522356,
          "recall": 0.951430576128479,
          "f1": 0.9136098218296154,
          "tp": 12204,
          "fp": 1685,
          "fn": 623
        },
        {
          "threshold": 0.75,
          "precision": 0.8959550395622273,
          "recall": 0.9445700475559367,
          "f1": 0.9196204933586337,
          "tp": 12116,
          "fp": 1407,
          "fn": 711
        },
        {
          "threshold": 0.8,
          "precision": 0.91507204391248,
          "recall": 0.9357605051843767,
          "f1": 0.9253006475485661,
          "tp": 12003,
          "fp": 1114,
          "fn": 824
        },
        {
          "threshold": 0.85,
          "precision": 0.9319417093343836,
          "recall": 0.9223512902471349,
          "f1": 0.9271216989264165,
          "tp": 11831,
          "fp": 864,
          "fn": 996
        },
        {
          "threshold": 0.9,
          "precision": 0.9510506798516687,
          "recall": 0.8997427301785297,
          "f1": 0.92468552199343,
          "tp": 11541,
          "fp": 594,
          "fn": 1286
        },
        {
          "threshold": 0.95,
          "precision": 0.9755765389504267,
          "recall": 0.8376861308178062,
          "f1": 0.9013883645820226,
          "tp": 10745,
          "fp": 269,
          "fn": 2082
        },
        {
          "threshold": 0.96,
          "precision": 0.9803809523809524,
          "recall": 0.8025259218835269,
          "f1": 0.8825824152269901,
          "tp": 10294,
          "fp": 206,
          "fn": 2533
        },
        {
          "threshold": 0.97,
          "precision": 0.9880103694102398,
          "recall": 0.713105168784595,
          "f1": 0.8283450305637311,
          "tp": 9147,
          "fp": 111,
          "fn": 3680
        },
        {
          "threshold": 0.98,
          "precision": 0.9945332211942809,
          "recall": 0.18437670538707415,
          "f1": 0.3110818809602105,
          "tp": 2365,
          "fp": 13,
          "fn": 10462
        },
        {
          "threshold": 0.99,
          "precision": 0.0,
          "recall": 0.0,
          "f1": 0.0,
          "tp": 0,
          "fp": 0,
          "fn": 12827
        },
        {
          "threshold": 1.0,
          "precision": 0.0,
          "recall": 0.0,
          "f1": 0.0,
          "tp": 0,
          "fp": 0,
          "fn": 12827
        }
      ],
      "donor": [
        {
          "threshold": 0.05,
          "precision": 0.00017118289502398136,
          "recall": 1.0,
          "f1": 0.00034230719291169256,
          "tp": 12827,
          "fp": 74918725,
          "fn": 0
        },
        {
          "threshold": 0.1,
          "precision": 0.00017119239003047696,
          "recall": 1.0,
          "f1": 0.00034232617642464177,
          "tp": 12827,
          "fp": 74914569,
          "fn": 0
        },
        {
          "threshold": 0.15,
          "precision": 0.42363630312510403,
          "recall": 0.9923598659078506,
          "f1": 0.593786443998694,
          "tp": 12729,
          "fp": 17318,
          "fn": 98
        },
        {
          "threshold": 0.2,
          "precision": 0.5688517970117108,