{
  "model": "splicemamba",
  "checkpoint": "checkpoints-ablation/d_model-512_n_attn-8_w200/best.pt",
  "temperature": 1.0,
  "timestamp": "2026-04-28T11:09:19.501154",
  "n_genes": 1652,
  "metrics": {
    "auprc": {
      "auprc_donor": 0.9699499025989284,
      "auprc_acceptor": 0.9654604976811906,
      "auprc_mean": 0.9677052001400595
    },
    "auroc": {
      "auroc_donor": 0.996231424586833,
      "auroc_acceptor": 0.9956389083730875,
      "auroc_mean": 0.9959351664799603
    },
    "topk": {
      "topk_global_acceptor": 0.9374343900902793,
      "topk_global_donor": 0.9407236335642802,
      "topk_global_mean": 0.9390790118272798,
      "topk_donor_k0.5": 0.47691969526494404,
      "topk_donor_k1": 0.9148854053566855,
      "topk_donor_k2": 0.9627606846531692,
      "topk_donor_k4": 0.9714068813187897,
      "topk_acceptor_k0.5": 0.4806202381411173,
      "topk_acceptor_k1": 0.9187016878716389,
      "topk_acceptor_k2": 0.9596811858091454,
      "topk_acceptor_k4": 0.9691733721737085
    },
    "positional": {
      "positional_donor_mean_offset": 38.30889465199411,
      "positional_donor_median_offset": 0.0,
      "positional_donor_within_1bp": 0.9766594238452373,
      "positional_donor_within_5bp": 0.9775706175089367,
      "positional_acceptor_mean_offset": 63.51788218793829,
      "positional_acceptor_median_offset": 0.0,
      "positional_acceptor_within_1bp": 0.9720897615708275,
      "positional_acceptor_within_5bp": 0.9756661991584853
    },
    "f1_optimal": {
      "f1_acceptor_best": 0.9334301119867275,
      "f1_acceptor_threshold": 0.9000000000000002,
      "f1_donor_best": 0.9369009033859734,
      "f1_donor_threshold": 0.9000000000000002
    },
    "threshold_sweep": {
      "acceptor": [
        {
          "threshold": 0.05,
          "precision": 0.00017318063525623953,
          "recall": 1.0,
          "f1": 0.00034630129783373015,
          "tp": 14289,
          "fp": 82494936,
          "fn": 0
        },
        {
          "threshold": 0.1,
          "precision": 0.00017318761656060495,
          "recall": 1.0,
          "f1": 0.0003463152556075126,
          "tp": 14289,
          "fp": 82491610,
          "fn": 0
        },
        {
          "threshold": 0.15,
          "precision": 0.4606241199777334,
          "recall": 0.9844635733781231,
          "f1": 0.6275988221647184,
          "tp": 14067,
          "fp": 16472,
          "fn": 222
        },
        {
          "threshold": 0.2,
          "precision": 0.5952027170452133,
          "recall": 0.981174329904122,
          "f1": 0.7409364760596131,
          "tp": 14020,
          "fp": 9535,
          "fn": 269
        },
        {
          "threshold": 0.25,
          "precision": 0.656705915466529,
          "recall": 0.9797046679263769,
          "f1": 0.7863281469415266,
          "tp": 13999,
          "fp": 7318,
          "fn": 290
        },
        {
          "threshold": 0.3,
          "precision": 0.6960593832511334,
          "recall": 0.9778151025264189,
          "f1": 0.8132239101332867,
          "tp": 13972,
          "fp": 6101,
          "fn": 317
        },
        {
          "threshold": 0.35,
          "precision": 0.7272774677999687,
          "recall": 0.9760655049338652,
          "f1": 0.8335026594155261,
          "tp": 13947,
          "fp": 5230,
          "fn": 342
        },
        {
          "threshold": 0.4,
          "precision": 0.751294777729823,
          "recall": 0.9745958429561201,
          "f1": 0.8484996191926885,
          "tp": 13926,
          "fp": 4610,
          "fn": 363
        },
        {
          "threshold": 0.45,
          "precision": 0.7717059639389736,
          "recall": 0.9734761004968857,
          "f1": 0.8609271523178808,
          "tp": 13910,
          "fp": 4115,
          "fn": 379
        },
        {
          "threshold": 0.5,
          "precision": 0.7898505427061431,
          "recall": 0.9727062775561621,
          "f1": 0.8717932635012231,
          "tp": 13899,
          "fp": 3698,
          "fn": 390
        },
        {
          "threshold": 0.55,
          "precision": 0.8079967407752299,
          "recall": 0.9715865350969277,
          "f1": 0.8822725683963013,
          "tp": 13883,
          "fp": 3299,
          "fn": 406
        },
        {
          "threshold": 0.6,
          "precision": 0.8241346496966814,
          "recall": 0.9697669536006719,
          "f1": 0.891039449570781,
          "tp": 13857,
          "fp": 2957,
          "fn": 432
        },
        {
          "threshold": 0.65,
          "precision": 0.8397716229348883,
          "recall": 0.9675974525859052,
          "f1": 0.8991643091730888,
          "tp": 13826,
          "fp": 2638,
          "fn": 463
        },
        {
          "threshold": 0.7,
          "precision": 0.8549987596129992,
          "recall": 0.9647980964378193,
          "f1": 0.9065859994081478,
          "tp": 13786,
          "fp": 2338,
          "fn": 503
        },
        {
          "threshold": 0.75,
          "precision": 0.8715218355834442,
          "recall": 0.962278675904542,
          "f1": 0.9146544269274263,
          "tp": 13750,
          "fp": 2027,
          "fn": 539
        },
        {
          "threshold": 0.8,
          "precision": 0.886643347583884,
          "recall": 0.9579396738750088,
          "f1": 0.9209136475258183,
          "tp": 13688,
          "fp": 1750,
          "fn": 601
        },
        {
          "threshold": 0.85,
          "precision": 0.9023986217863769,
          "recall": 0.9531107845195605,
          "f1": 0.927061706545046,
          "tp": 13619,
          "fp": 1473,
          "fn": 670
        },
        {
          "threshold": 0.9,
          "precision": 0.9221471010038926,
          "recall": 0.9449926516901113,
          "f1": 0.9334301119867275,
          "tp": 13503,
          "fp": 1140,
          "fn": 786
        },
        {
          "threshold": 0.95,
          "precision": 0.9522366522366522,
          "recall": 0.923647561060956,
          "f1": 0.9377242530818147,
          "tp": 13198,
          "fp": 662,
          "fn": 1091
        },
        {
          "threshold": 0.96,
          "precision": 0.9605214701333137,
          "recall": 0.9126600881797187,
          "f1": 0.9359793296490346,
          "tp": 13041,
          "fp": 536,
          "fn": 1248
        },
        {
          "threshold": 0.97,
          "precision": 0.969313387034906,
          "recall": 0.8842466232766464,
          "f1": 0.9248279900453813,
          "tp": 12635,
          "fp": 400,
          "fn": 1654
        },
        {
          "threshold": 0.98,
          "precision": 0.988376648818075,
          "recall": 0.5296381832178599,
          "f1": 0.6896928825298461,
          "tp": 7568,
          "fp": 89,
          "fn": 6721
        },
        {
          "threshold": 0.99,
          "precision": 0.0,
          "recall": 0.0,
          "f1": 0.0,
          "tp": 0,
          "fp": 0,
          "fn": 14289
        },
        {
          "threshold": 1.0,
          "precision": 0.0,
          "recall": 0.0,
          "f1": 0.0,
          "tp": 0,
          "fp": 0,
          "fn": 14289
        }
      ],
      "donor": [
        {
          "threshold": 0.05,
          "precision": 0.00017316851749811632,
          "recall": 0.9999300160962978,
          "f1": 0.0003462770665131524,
          "tp": 14288,
          "fp": 82494936,
          "fn": 1
        },
        {
          "threshold": 0.1,
          "precision": 0.00017317575228701864,
          "recall": 0.9999300160962978,
          "f1": 0.00034629153108045265,
          "tp": 14288,
          "fp": 82491489,
          "fn": 1
        },
        {
          "threshold": 0.15,
          "precision": 0.4671409662475182,
          "recall": 0.9879627685632305,
          "f1": 0.6343436158979083,
          "tp": 14117,
          "fp": 16103,