{
  "model": "splicemamba",
  "checkpoint": "checkpoints/best.pt",
  "temperature": 1.0,
  "timestamp": "2026-04-30T12:08:10.124188",
  "n_genes": 1652,
  "metrics": {
    "auprc": {
      "auprc_donor": 0.9253536883532341,
      "auprc_acceptor": 0.8943604110953189,
      "auprc_mean": 0.9098570497242765
    },
    "auroc": {
      "auroc_donor": 0.9964378389839343,
      "auroc_acceptor": 0.9853993274008744,
      "auroc_mean": 0.9909185831924043
    },
    "topk": {
      "topk_global_acceptor": 0.8554832388550634,
      "topk_global_donor": 0.8702498425362166,
      "topk_global_mean": 0.86286654069564,
      "topk_donor_k0.5": 0.4716609673704163,
      "topk_donor_k1": 0.8645426146001316,
      "topk_donor_k2": 0.947592239349476,
      "topk_donor_k4": 0.9662057170505025,
      "topk_acceptor_k0.5": 0.4668352286667803,
      "topk_acceptor_k1": 0.8539789611110651,
      "topk_acceptor_k2": 0.9292588867688805,
      "topk_acceptor_k4": 0.9476521121061914
    },
    "positional": {
      "positional_donor_mean_offset": 243.01199326693785,
      "positional_donor_median_offset": 0.0,
      "positional_donor_within_1bp": 0.9173797166503016,
      "positional_donor_within_5bp": 0.9194136625052602,
      "positional_acceptor_mean_offset": 274.3026094276094,
      "positional_acceptor_median_offset": 0.0,
      "positional_acceptor_within_1bp": 0.9164562289562289,
      "positional_acceptor_within_5bp": 0.92003367003367
    },
    "f1_optimal": {
      "f1_acceptor_best": 0.8577705744642536,
      "f1_acceptor_threshold": 0.8000000000000002,
      "f1_donor_best": 0.8700545102866186,
      "f1_donor_threshold": 0.7500000000000002
    },
    "threshold_sweep": {
      "acceptor": [
        {
          "threshold": 0.05,
          "precision": 0.00017322963591613722,
          "recall": 1.0,
          "f1": 0.0003463992652136799,
          "tp": 14289,
          "fp": 82471597,
          "fn": 0
        },
        {
          "threshold": 0.1,
          "precision": 0.0001732411810036444,
          "recall": 1.0,
          "f1": 0.00034642234739070077,
          "tp": 14289,
          "fp": 82466100,
          "fn": 0
        },
        {
          "threshold": 0.15,
          "precision": 0.38607273752466875,
          "recall": 0.9583595772972217,
          "f1": 0.5504129906147632,
          "tp": 13694,
          "fp": 21776,
          "fn": 595
        },
        {
          "threshold": 0.2,
          "precision": 0.5131314662523212,
          "recall": 0.9475820561270908,
          "f1": 0.6657488445274855,
          "tp": 13540,
          "fp": 12847,
          "fn": 749
        },
        {
          "threshold": 0.25,
          "precision": 0.5823394196990068,
          "recall": 0.939673875008748,
          "f1": 0.7190596047769506,
          "tp": 13427,
          "fp": 9630,
          "fn": 862
        },
        {
          "threshold": 0.3,
          "precision": 0.6333507430796258,
          "recall": 0.9335152914829589,
          "f1": 0.7546817538896746,
          "tp": 13339,
          "fp": 7722,
          "fn": 950
        },
        {
          "threshold": 0.35,
          "precision": 0.6733706720977597,
          "recall": 0.925537126460914,
          "f1": 0.7795691001797873,
          "tp": 13225,
          "fp": 6415,
          "fn": 1064
        },
        {
          "threshold": 0.4,
          "precision": 0.706271870794078,
          "recall": 0.9181188326684863,
          "f1": 0.7983812074001948,
          "tp": 13119,
          "fp": 5456,
          "fn": 1170
        },
        {
          "threshold": 0.45,
          "precision": 0.734995487364621,
          "recall": 0.9118902652389951,
          "f1": 0.8139425929974701,
          "tp": 13030,
          "fp": 4698,
          "fn": 1259
        },
        {
          "threshold": 0.5,
          "precision": 0.757938604214357,
          "recall": 0.9037021485058436,
          "f1": 0.8244269935516823,
          "tp": 12913,
          "fp": 4124,
          "fn": 1376
        },
        {
          "threshold": 0.55,
          "precision": 0.7806514578504331,
          "recall": 0.8956539995800966,
          "f1": 0.8342078675488056,
          "tp": 12798,
          "fp": 3596,
          "fn": 1491
        },
        {
          "threshold": 0.6,
          "precision": 0.8007335736419402,
          "recall": 0.8861361886766044,
          "f1": 0.8412730051159393,
          "tp": 12662,
          "fp": 3151,
          "fn": 1627
        },
        {
          "threshold": 0.65,
          "precision": 0.8216794695029873,
          "recall": 0.8758485548323885,
          "f1": 0.8478997289972899,
          "tp": 12515,
          "fp": 2716,
          "fn": 1774
        },
        {
          "threshold": 0.7,
          "precision": 0.8433529170651728,
          "recall": 0.8639512912030233,
          "f1": 0.8535278459570642,
          "tp": 12345,
          "fp": 2293,
          "fn": 1944
        },
        {
          "threshold": 0.75,
          "precision": 0.8619074652284985,
          "recall": 0.8500244943662958,
          "f1": 0.8559247383813116,
          "tp": 12146,
          "fp": 1946,
          "fn": 2143
        },
        {
          "threshold": 0.8,
          "precision": 0.8836449985158801,
          "recall": 0.8333683252851845,
          "f1": 0.8577705744642536,
          "tp": 11908,
          "fp": 1568,
          "fn": 2381
        },
        {
          "threshold": 0.85,
          "precision": 0.9027571662891509,
          "recall": 0.8088739589894325,
          "f1": 0.8532408090949357,
          "tp": 11558,
          "fp": 1245,
          "fn": 2731
        },
        {
          "threshold": 0.9,
          "precision": 0.9268043866360622,
          "recall": 0.762964518160823,
          "f1": 0.8369415016121603,
          "tp": 10902,
          "fp": 861,
          "fn": 3387
        },
        {
          "threshold": 0.95,
          "precision": 0.9525156597292382,
          "recall": 0.6598082441038561,
          "f1": 0.7795923429941705,
          "tp": 9428,
          "fp": 470,
          "fn": 4861
        },
        {
          "threshold": 0.96,
          "precision": 0.9577230359520639,
          "recall": 0.6040310728532438,
          "f1": 0.7408265739667825,
          "tp": 8631,
          "fp": 381,
          "fn": 5658
        },
        {
          "threshold": 0.97,
          "precision": 0.9658119658119658,
          "recall": 0.4982154104555952,
          "f1": 0.6573407202216066,
          "tp": 7119,
          "fp": 252,
          "fn": 7170
        },
        {
          "threshold": 0.98,
          "precision": 0.9616306954436451,
          "recall": 0.08419063615368465,
          "f1": 0.15482625482625484,
          "tp": 1203,
          "fp": 48,
          "fn": 13086
        },
        {
          "threshold": 0.99,
          "precision": 0.0,
          "recall": 0.0,
          "f1": 0.0,
          "tp": 0,
          "fp": 0,
          "fn": 14289
        },
        {
          "threshold": 1.0,
          "precision": 0.0,
          "recall": 0.0,
          "f1": 0.0,
          "tp": 0,
          "fp": 0,
          "fn": 14289
        }
      ],
      "donor": [
        {
          "threshold": 0.05,
          "precision": 0.00017322936290194935,
          "recall": 1.0,
          "f1": 0.00034639871937443143,
          "tp": 14289,
          "fp": 82471727,
          "fn": 0
        },
        {
          "threshold": 0.1,
          "precision": 0.00017324171450495323,
          "recall": 1.0,
          "f1": 0.0003464234140237163,
          "tp": 14289,
          "fp": 82465846,
          "fn": 0
        },
        {
          "threshold": 0.15,
          "precision": 0.3926228354216528,
          "recall": 0.9758555532227587,
          "f1": 0.5599550236928761,
          "tp": 13944,
          "fp": 21571,
          "fn": 345
        },
        {
          "threshold": 0.2,