{
  "model": "splicemamba",
  "checkpoint": "checkpoints/best.pt",
  "temperature": 1.0,
  "timestamp": "2026-04-30T18:17:18.293420",
  "n_genes": 1497,
  "metrics": {
    "auprc": {
      "auprc_donor": 0.9717884133022963,
      "auprc_acceptor": 0.9650161649671504,
      "auprc_mean": 0.9684022891347233
    },
    "auroc": {
      "auroc_donor": 0.9987160444634465,
      "auroc_acceptor": 0.9974373845988601,
      "auroc_mean": 0.9980767145311533
    },
    "topk": {
      "topk_global_acceptor": 0.9243003040461526,
      "topk_global_donor": 0.9294457004755594,
      "topk_global_mean": 0.926873002260856,
      "topk_donor_k0.5": 0.48601892010987,
      "topk_donor_k1": 0.9242218894237367,
      "topk_donor_k2": 0.9785258234811366,
      "topk_donor_k4": 0.9905208444787602,
      "topk_acceptor_k0.5": 0.48856569908892733,
      "topk_acceptor_k1": 0.9195778698949555,
      "topk_acceptor_k2": 0.9740729438490229,
      "topk_acceptor_k4": 0.9855298403593489
    },
    "positional": {
      "positional_donor_mean_offset": 99.4150619786388,
      "positional_donor_median_offset": 0.0,
      "positional_donor_within_1bp": 0.9680361736961097,
      "positional_donor_within_5bp": 0.9694394636314025,
      "positional_acceptor_mean_offset": 108.5518047867779,
      "positional_acceptor_median_offset": 0.0,
      "positional_acceptor_within_1bp": 0.9629687378186638,
      "positional_acceptor_within_5bp": 0.9663990021049349
    },
    "f1_optimal": {
      "f1_acceptor_best": 0.9243446868623449,
      "f1_acceptor_threshold": 0.8500000000000002,
      "f1_donor_best": 0.9303472847578405,
      "f1_donor_threshold": 0.8500000000000002
    },
    "threshold_sweep": {
      "acceptor": [
        {
          "threshold": 0.05,
          "precision": 0.00017118290873112374,
          "recall": 1.0,
          "f1": 0.000342307220316594,
          "tp": 12827,
          "fp": 74918719,
          "fn": 0
        },
        {
          "threshold": 0.1,
          "precision": 0.00017119199933450394,
          "recall": 1.0,
          "f1": 0.00034232539530016347,
          "tp": 12827,
          "fp": 74914740,
          "fn": 0
        },
        {
          "threshold": 0.15,
          "precision": 0.41386973430504265,
          "recall": 0.9872924300304046,
          "f1": 0.5832450605627965,
          "tp": 12664,
          "fp": 17935,
          "fn": 163
        },
        {
          "threshold": 0.2,
          "precision": 0.5485597424071013,
          "recall": 0.9828486785686442,
          "f1": 0.7041246613979726,
          "tp": 12607,
          "fp": 10375,
          "fn": 220
        },
        {
          "threshold": 0.25,
          "precision": 0.6217045061087204,
          "recall": 0.9798861775941373,
          "f1": 0.7607432514223459,
          "tp": 12569,
          "fp": 7648,
          "fn": 258
        },
        {
          "threshold": 0.3,
          "precision": 0.6713987250227674,
          "recall": 0.9770795977235519,
          "f1": 0.7958976312948498,
          "tp": 12533,
          "fp": 6134,
          "fn": 294
        },
        {
          "threshold": 0.35,
          "precision": 0.7135761589403974,
          "recall": 0.9744289389568879,
          "f1": 0.8238473453514814,
          "tp": 12499,
          "fp": 5017,
          "fn": 328
        },
        {
          "threshold": 0.4,
          "precision": 0.7448119131630884,
          "recall": 0.970920714118656,
          "f1": 0.8429673751184514,
          "tp": 12454,
          "fp": 4267,
          "fn": 373
        },
        {
          "threshold": 0.45,
          "precision": 0.7714569618680909,
          "recall": 0.9684259764559133,
          "f1": 0.858792215423969,
          "tp": 12422,
          "fp": 3680,
          "fn": 405
        },
        {
          "threshold": 0.5,
          "precision": 0.7956443530772196,
          "recall": 0.9655414360333671,
          "f1": 0.8723981262987356,
          "tp": 12385,
          "fp": 3181,
          "fn": 442
        },
        {
          "threshold": 0.55,
          "precision": 0.8177000529941706,
          "recall": 0.962345053402978,
          "f1": 0.884145686351753,
          "tp": 12344,
          "fp": 2752,
          "fn": 483
        },
        {
          "threshold": 0.6,
          "precision": 0.8379373848987108,
          "recall": 0.9577453808372963,
          "f1": 0.8938445867287543,
          "tp": 12285,
          "fp": 2376,
          "fn": 542
        },
        {
          "threshold": 0.65,
          "precision": 0.8572630398205272,
          "recall": 0.953301629375536,
          "f1": 0.9027352257207191,
          "tp": 12228,
          "fp": 2036,
          "fn": 599
        },
        {
          "threshold": 0.7,
          "precision": 0.8764968979945174,
          "recall": 0.9472207063226008,
          "f1": 0.9104874667465997,
          "tp": 12150,
          "fp": 1712,
          "fn": 677
        },
        {
          "threshold": 0.75,
          "precision": 0.894885100074129,
          "recall": 0.9411397832696655,
          "f1": 0.9174297982292814,
          "tp": 12072,
          "fp": 1418,
          "fn": 755
        },
        {
          "threshold": 0.8,
          "precision": 0.9128209046454768,
          "recall": 0.9313947142745771,
          "f1": 0.9220142774454949,
          "tp": 11947,
          "fp": 1141,
          "fn": 880
        },
        {
          "threshold": 0.85,
          "precision": 0.9305522635695662,
          "recall": 0.9182193809932174,
          "f1": 0.9243446868623449,
          "tp": 11778,
          "fp": 879,
          "fn": 1049
        },
        {
          "threshold": 0.9,
          "precision": 0.9489855072463768,
          "recall": 0.8933499649177516,
          "f1": 0.9203276845233314,
          "tp": 11459,
          "fp": 616,
          "fn": 1368
        },
        {
          "threshold": 0.95,
          "precision": 0.9739034886915118,
          "recall": 0.829188430654089,
          "f1": 0.8957385885127168,
          "tp": 10636,
          "fp": 285,
          "fn": 2191
        },
        {
          "threshold": 0.96,
          "precision": 0.9791586260131223,
          "recall": 0.7911436812972635,
          "f1": 0.8751670906817299,
          "tp": 10148,
          "fp": 216,
          "fn": 2679
        },
        {
          "threshold": 0.97,
          "precision": 0.9870784056066579,
          "recall": 0.7027364153738208,
          "f1": 0.8209845621385309,
          "tp": 9014,
          "fp": 118,
          "fn": 3813
        },
        {
          "threshold": 0.98,
          "precision": 0.993813521873619,
          "recall": 0.17533328135963203,
          "f1": 0.298078197481776,
          "tp": 2249,
          "fp": 14,
          "fn": 10578
        },
        {
          "threshold": 0.99,
          "precision": 0.0,
          "recall": 0.0,
          "f1": 0.0,
          "tp": 0,
          "fp": 0,
          "fn": 12827
        },
        {
          "threshold": 1.0,
          "precision": 0.0,
          "recall": 0.0,
          "f1": 0.0,
          "tp": 0,
          "fp": 0,
          "fn": 12827
        }
      ],
      "donor": [
        {
          "threshold": 0.05,
          "precision": 0.0001711828333418678,
          "recall": 1.0,
          "f1": 0.00034230706958969027,
          "tp": 12827,
          "fp": 74918752,
          "fn": 0
        },
        {
          "threshold": 0.1,
          "precision": 0.00017119256595848572,
          "recall": 1.0,
          "f1": 0.00034232652816022004,
          "tp": 12827,
          "fp": 74914492,
          "fn": 0
        },
        {
          "threshold": 0.15,
          "precision": 0.4210282538212135,
          "recall": 0.9921259842519685,
          "f1": 0.591178315099993,
          "tp": 12726,
          "fp": 17500,
          "fn": 101
        },
        {
          "threshold": 0.2,
          "precision": 0.5658952823445318,