{
  "sm_rescale": {
    "neither": {
      "min": 0.0006104568601585925,
      "max": 0.7526727914810181,
      "mean": 0.7456085681915283
    },
    "acceptor": {
      "min": 0.011105747893452644,
      "max": 0.9875438809394836,
      "mean": 0.12717586755752563
    },
    "donor": {
      "min": 0.011520547792315483,
      "max": 0.9881564974784851,
      "mean": 0.12720035016536713
    }
  },
  "experiment_1_scatter": {
    "neither": {
      "n": 82496422,
      "pearson_r": 0.5596187436434379
    },
    "acceptor": {
      "n": 14289,
      "pearson_r": 0.7372313581957363
    },
    "donor": {
      "n": 14289,
      "pearson_r": 0.7444211586075926
    }
  },
  "experiment_2a_position": {
    "acceptor": {
      "0-500bp": {
        "n_sites": 743,
        "n_positions": 1644257,
        "sm_recall@0.5": 0.845222072678331,
        "sm_auprc": 0.8577840430715613,
        "sa_recall@0.5": 0.7900403768506057,
        "sa_auprc": 0.8527070639859916
      },
      "500-2500bp": {
        "n_sites": 2648,
        "n_positions": 6062412,
        "sm_recall@0.5": 0.956570996978852,
        "sm_auprc": 0.9598591424277576,
        "sa_recall@0.5": 0.9342900302114804,
        "sa_auprc": 0.9514972653191933
      },
      "2500-5000bp": {
        "n_sites": 1963,
        "n_positions": 6354638,
        "sm_recall@0.5": 0.97809475292919,
        "sm_auprc": 0.9745898029001537,
        "sa_recall@0.5": 0.9460010188487009,
        "sa_auprc": 0.9694337715639666
      },
      "5000-7500bp": {
        "n_sites": 1334,
        "n_positions": 5292823,
        "sm_recall@0.5": 0.9640179910044977,
        "sm_auprc": 0.9634435396628825,
        "sa_recall@0.5": 0.9377811094452774,
        "sa_auprc": 0.958761010762457
      },
      ">7500bp": {
        "n_sites": 7601,
        "n_positions": 59034825,
        "sm_recall@0.5": 0.9750032890409157,
        "sm_auprc": 0.9615452417673183,
        "sa_recall@0.5": 0.9580318379160637,
        "sa_auprc": 0.9690415128887261
      }
    },
    "donor": {
      "0-500bp": {
        "n_sites": 1619,
        "n_positions": 1644257,
        "sm_recall@0.5": 0.9283508338480544,
        "sm_auprc": 0.9370843674989738,
        "sa_recall@0.5": 0.9197035206917851,
        "sa_auprc": 0.9318920045200367
      },
      "500-2500bp": {
        "n_sites": 2073,
        "n_positions": 6062412,
        "sm_recall@0.5": 0.9536903039073806,
        "sm_auprc": 0.9572758026457455,
        "sa_recall@0.5": 0.9324650265315967,
        "sa_auprc": 0.9488015119671551
      },
      "2500-5000bp": {
        "n_sites": 1761,
        "n_positions": 6354638,
        "sm_recall@0.5": 0.97671777399205,
        "sm_auprc": 0.9762305496842701,
        "sa_recall@0.5": 0.9477569562748438,
        "sa_auprc": 0.9681429962312605
      },
      "5000-7500bp": {
        "n_sites": 1283,
        "n_positions": 5292823,
        "sm_recall@0.5": 0.9719407638347622,
        "sm_auprc": 0.9687901132336576,
        "sa_recall@0.5": 0.9501169134840218,
        "sa_auprc": 0.9687855538374169
      },
      ">7500bp": {
        "n_sites": 7553,
        "n_positions": 59034825,
        "sm_recall@0.5": 0.9786839666357738,
        "sm_auprc": 0.9684833690070187,
        "sa_recall@0.5": 0.9573679332715477,
        "sa_auprc": 0.9756097003355277
      }
    }
  },
  "experiment_3_overlap": {
    "neither": {
      "n_total": 82496422,
      "miss_spliceai": 4433,
      "miss_splicemamba": 6413,
      "miss_both": 1908,
      "miss_only_spliceai": 2525,
      "miss_only_splicemamba": 4505,
      "jaccard": 0.2134705750727232,
      "threshold": 0.5
    },
    "acceptor": {
      "n_total": 14289,
      "miss_spliceai": 838,
      "miss_splicemamba": 511,
      "miss_both": 375,
      "miss_only_spliceai": 463,
      "miss_only_splicemamba": 136,
      "jaccard": 0.38501026694045176,
      "threshold": 0.5
    },
    "donor": {
      "n_total": 14289,
      "miss_spliceai": 748,
      "miss_splicemamba": 450,
      "miss_both": 332,
      "miss_only_spliceai": 416,
      "miss_only_splicemamba": 118,
      "jaccard": 0.3833718244803695,
      "threshold": 0.5
    }
  },
  "experiment_4_calibration": {
    "acceptor": {
      "raw": {
        "sa": {
          "ECE_all": 6.20439828501581e-05,
          "Brier": 3.2135960900760155e-05,
          "ECE_actionable_pred_ge_0.3": 0.08918543620338251,
          "n_actionable_positions": 18786,
          "mean_pred": [
            2.5620352290520722e-05,
            0.14154509563432277,
            0.24491930839715215,
            0.3459293881774077,
            0.44868422951327724,
            0.5483630871652958,
            0.6517311162507388,
            0.7496726512908936,
            0.8550633147469273,
            0.9815656411552246
          ],
          "empirical": [
            3.357754227300445e-06,
            0.0158474348643567,
            0.03171582619727244,
            0.08019375672766416,
            0.15384615384615385,
            0.2743718592964824,
            0.40245261984392416,
            0.5923970432946146,
            0.7992592592592592,
            0.9737759191496776
          ],
          "counts": [
            82495615,
            7446,
            3153,
            1858,
            1261,
            995,
            897,
            947,
            1350,
            11478
          ]
        },
        "sm": {
          "ECE_all": 0.12700222563541838,
          "Brier": 0.016165915330776562,
          "ECE_actionable_pred_ge_0.3": 0.17860056246812933,
          "n_actionable_positions": 23538,
          "mean_pred": [
            0.03754906937898685,
            0.12700133577259964,
            0.2407814740248329,
            0.3444229069094322,
            0.44546936019681965,
            0.5479736742949671,
            0.6494576814830412,
            0.7489898884581726,
            0.8553845944811819,
            0.9734987641915192
          ],
          "empirical": [
            0.0,
            2.970745516832784e-06,
            0.007859798194370686,
            0.024717893605588393,
            0.04807692307692308,
            0.09496810772501772,
            0.15664845173041894,
            0.3215400624349636,
            0.5215794306703397,
            0.9558321317447067
          ],
          "counts": [
            21166,
            82470881,
            9415,
            3722,
            2080,
            1411,
            1098,
            961,
            1089,
            13177
          ]
        }
      },
      "rescaled": {
        "sa": {
          "ECE_all": 6.20439828501581e-05,
          "Brier": 3.2135960900760155e-05,
          "ECE_actionable_pred_ge_0.3": 0.08918543620338251,
          "n_actionable_positions": 18786,
          "mean_pred": [
            2.5620352290520722e-05,
            0.14154509563432277,
            0.24491930839715215,
            0.3459293881774077,
            0.44868422951327724,
            0.5483630871652958,
            0.6517311162507388,
            0.7496726512908936,
            0.8550633147469273,
            0.9815656411552246
          ],
          "empirical": [
            3.357754227300445e-06,
            0.0158474348643567,
            0.03171582619727244,
            0.08019375672766416,
            0.15384615384615385,
            0.2743718592964824,
            0.40245261984392416,
            0.5923970432946146,
            0.7992592592592592,
            0.9737759191496776
          ],
          "counts": [
            82495615,
            7446,
            3153,
            1858,
            1261,
            995,
            897,
            947,
            1350,
            11478
          ]
        },
        "sm": {
          "ECE_all": 0.11869729240649518,
          "Brier": 0.01412560093983019,
          "ECE_actionable_pred_ge_0.3": 0.18501838788179198,
          "n_actionable_positions": 23310,