{
  "model": "splicemamba",
  "checkpoint": "checkpoints/best.pt",
  "temperature": 1.0,
  "timestamp": "2026-04-30T18:06:55.619704",
  "n_genes": 1497,
  "metrics": {
    "auprc": {
      "auprc_donor": 0.5645649070354005,
      "auprc_acceptor": 0.8047632605721957,
      "auprc_mean": 0.6846640838037981
    },
    "auroc": {
      "auroc_donor": 0.9649104898330338,
      "auroc_acceptor": 0.9904604280162976,
      "auroc_mean": 0.9776854589246657
    },
    "topk": {
      "topk_global_acceptor": 0.7481094566149529,
      "topk_global_donor": 0.5712169642161067,
      "topk_global_mean": 0.6596632104155298,
      "topk_donor_k0.5": 0.3762931901961993,
      "topk_donor_k1": 0.5888629412983012,
      "topk_donor_k2": 0.7223503156330148,
      "topk_donor_k4": 0.8131518357165317,
      "topk_acceptor_k0.5": 0.46441350631408457,
      "topk_acceptor_k1": 0.7782830640140639,
      "topk_acceptor_k2": 0.8831733404240817,
      "topk_acceptor_k4": 0.9322732055646804
    },
    "positional": {
      "positional_donor_mean_offset": 1221.005537789564,
      "positional_donor_median_offset": 0.0,
      "positional_donor_within_1bp": 0.5702363310194213,
      "positional_donor_within_5bp": 0.600031198814445,
      "positional_acceptor_mean_offset": 1038.4252029981262,
      "positional_acceptor_median_offset": 0.0,
      "positional_acceptor_within_1bp": 0.7396158650843223,
      "positional_acceptor_within_5bp": 0.7444565896314803
    },
    "f1_optimal": {
      "f1_acceptor_best": 0.7563596675342121,
      "f1_acceptor_threshold": 0.6500000000000001,
      "f1_donor_best": 0.575298126064736,
      "f1_donor_threshold": 0.7000000000000002
    },
    "threshold_sweep": {
      "acceptor": [
        {
          "threshold": 0.05,
          "precision": 0.00017117462544824746,
          "recall": 1.0,
          "f1": 0.0003422906594210741,
          "tp": 12827,
          "fp": 74922345,
          "fn": 0
        },
        {
          "threshold": 0.1,
          "precision": 0.00017119104659215175,
          "recall": 1.0,
          "f1": 0.0003423234904676972,
          "tp": 12827,
          "fp": 74915157,
          "fn": 0
        },
        {
          "threshold": 0.15,
          "precision": 0.39793035247580705,
          "recall": 0.8783815389412957,
          "f1": 0.5477261126370288,
          "tp": 11267,
          "fp": 17047,
          "fn": 1560
        },
        {
          "threshold": 0.2,
          "precision": 0.5199132111861138,
          "recall": 0.8406486317923131,
          "f1": 0.6424762415467573,
          "tp": 10783,
          "fp": 9957,
          "fn": 2044
        },
        {
          "threshold": 0.25,
          "precision": 0.5862878872609327,
          "recall": 0.8173384267560614,
          "f1": 0.6827965742941807,
          "tp": 10484,
          "fp": 7398,
          "fn": 2343
        },
        {
          "threshold": 0.3,
          "precision": 0.632683288077018,
          "recall": 0.7992515787011772,
          "f1": 0.7062794943336433,
          "tp": 10252,
          "fp": 5952,
          "fn": 2575
        },
        {
          "threshold": 0.35,
          "precision": 0.6722952679703664,
          "recall": 0.7852966399002105,
          "f1": 0.7244156778137362,
          "tp": 10073,
          "fp": 4910,
          "fn": 2754
        },
        {
          "threshold": 0.4,
          "precision": 0.7024223911344747,
          "recall": 0.7708739377874796,
          "f1": 0.7350579839429082,
          "tp": 9888,
          "fp": 4189,
          "fn": 2939
        },
        {
          "threshold": 0.45,
          "precision": 0.7301134229700293,
          "recall": 0.7577765650580807,
          "f1": 0.7436878347360367,
          "tp": 9720,
          "fp": 3593,
          "fn": 3107
        },
        {
          "threshold": 0.5,
          "precision": 0.7544540343653496,
          "recall": 0.7428081390816247,
          "f1": 0.7485857950974231,
          "tp": 9528,
          "fp": 3101,
          "fn": 3299
        },
        {
          "threshold": 0.55,
          "precision": 0.7785352065840885,
          "recall": 0.7301005691120294,
          "f1": 0.7535403926617316,
          "tp": 9365,
          "fp": 2664,
          "fn": 3462
        },
        {
          "threshold": 0.6,
          "precision": 0.7995820999477625,
          "recall": 0.7159897092071412,
          "f1": 0.7554806070826307,
          "tp": 9184,
          "fp": 2302,
          "fn": 3643
        },
        {
          "threshold": 0.65,
          "precision": 0.8193724420190996,
          "recall": 0.7023466126140173,
          "f1": 0.7563596675342121,
          "tp": 9009,
          "fp": 1986,
          "fn": 3818
        },
        {
          "threshold": 0.7,
          "precision": 0.837891927951968,
          "recall": 0.6854291728385437,
          "f1": 0.7540308747855917,
          "tp": 8792,
          "fp": 1701,
          "fn": 4035
        },
        {
          "threshold": 0.75,
          "precision": 0.8601665162002207,
          "recall": 0.6685117330630701,
          "f1": 0.7523249692928584,
          "tp": 8575,
          "fp": 1394,
          "fn": 4252
        },
        {
          "threshold": 0.8,
          "precision": 0.881819152343333,
          "recall": 0.6439541591954471,
          "f1": 0.7443453185545642,
          "tp": 8260,
          "fp": 1107,
          "fn": 4567
        },
        {
          "threshold": 0.85,
          "precision": 0.9020642201834862,
          "recall": 0.6132377017229282,
          "f1": 0.7301248433656657,
          "tp": 7866,
          "fp": 854,
          "fn": 4961
        },
        {
          "threshold": 0.9,
          "precision": 0.9246670894102726,
          "recall": 0.5684103843455212,
          "f1": 0.7040363074546157,
          "tp": 7291,
          "fp": 594,
          "fn": 5536
        },
        {
          "threshold": 0.95,
          "precision": 0.9576686147528036,
          "recall": 0.4726748265377719,
          "f1": 0.6329470717193861,
          "tp": 6063,
          "fp": 268,
          "fn": 6764
        },
        {
          "threshold": 0.96,
          "precision": 0.9650793650793651,
          "recall": 0.4266001403289935,
          "f1": 0.5916635130021085,
          "tp": 5472,
          "fp": 198,
          "fn": 7355
        },
        {
          "threshold": 0.97,
          "precision": 0.9738576949306661,
          "recall": 0.33398300459967256,
          "f1": 0.49738766980146293,
          "tp": 4284,
          "fp": 115,
          "fn": 8543
        },
        {
          "threshold": 0.98,
          "precision": 0.983206106870229,
          "recall": 0.050206595462695874,
          "f1": 0.09553478712357218,
          "tp": 644,
          "fp": 11,
          "fn": 12183
        },
        {
          "threshold": 0.99,
          "precision": 0.0,
          "recall": 0.0,
          "f1": 0.0,
          "tp": 0,
          "fp": 0,
          "fn": 12827
        },
        {
          "threshold": 1.0,
          "precision": 0.0,
          "recall": 0.0,
          "f1": 0.0,
          "tp": 0,
          "fp": 0,
          "fn": 12827
        }
      ],
      "donor": [
        {
          "threshold": 0.05,
          "precision": 0.0001711747328105478,
          "recall": 1.0,
          "f1": 0.0003422908740721828,
          "tp": 12827,
          "fp": 74922298,
          "fn": 0
        },
        {
          "threshold": 0.1,
          "precision": 0.00017118681535616866,
          "recall": 1.0,
          "f1": 0.0003423150308923503,
          "tp": 12827,
          "fp": 74917009,
          "fn": 0
        },
        {
          "threshold": 0.15,
          "precision": 0.27378348436212824,
          "recall": 0.7513837997973025,
          "f1": 0.401332500520508,
          "tp": 9638,
          "fp": 25565,
          "fn": 3189
        },
        {
          "threshold": 0.2,