{
  "model": "pangolin",
  "tissues_evaluated": [
    "heart",
    "liver",
    "brain",
    "testis"
  ],
  "timestamp": "2026-04-10T17:58:55.521914",
  "n_genes": 1652,
  "results_per_tissue": {
    "heart": {
      "auprc": {
        "auprc_splice": 0.9673058729350685
      },
      "topk": {
        "topk_global_splice": 0.9274616838127231,
        "topk_splice_k0.5": 0.48027953527087264,
        "topk_splice_k1": 0.9156185696360037,
        "topk_splice_k2": 0.963208476075419,
        "topk_splice_k4": 0.9714798627159322
      },
      "f1": {
        "f1_splice_best": 0.9280194770826717,
        "f1_splice_threshold": 0.45
      },
      "positional": {
        "positional_splice_mean_offset": 64.7863668306395,
        "positional_splice_median_offset": 0.0,
        "positional_splice_within_1bp": 0.9572382290934646,
        "positional_splice_within_5bp": 0.9593113141250879
      }
    },
    "liver": {
      "auprc": {
        "auprc_splice": 0.9679654652079472
      },
      "topk": {
        "topk_global_splice": 0.9289313457904682,
        "topk_splice_k0.5": 0.48026987165722984,
        "topk_splice_k1": 0.9154053905002062,
        "topk_splice_k2": 0.9638619762769831,
        "topk_splice_k4": 0.9714895875160955
      },
      "f1": {
        "f1_splice_best": 0.9292264366804541,
        "f1_splice_threshold": 0.45
      },
      "positional": {
        "positional_splice_mean_offset": 61.47699494239955,
        "positional_splice_median_offset": 0.0,
        "positional_splice_within_1bp": 0.9588718741219444,
        "positional_splice_within_5bp": 0.9608387187412194
      }
    },
    "brain": {
      "auprc": {
        "auprc_splice": 0.9673959252102362
      },
      "topk": {
        "topk_global_splice": 0.9273217160053188,
        "topk_splice_k0.5": 0.48076585071254824,
        "topk_splice_k1": 0.9157900978564587,
        "topk_splice_k2": 0.9633024438599856,
        "topk_splice_k4": 0.9719919335692891
      },
      "f1": {
        "f1_splice_best": 0.9277667564120731,
        "f1_splice_threshold": 0.55
      },
      "positional": {
        "positional_splice_mean_offset": 33.93247419060327,
        "positional_splice_median_offset": 0.0,
        "positional_splice_within_1bp": 0.9664302268417726,
        "positional_splice_within_5bp": 0.968466886719573
      }
    },
    "testis": {
      "auprc": {
        "auprc_splice": 0.9661993447290471
      },
      "topk": {
        "topk_global_splice": 0.9240674644831689,
        "topk_splice_k0.5": 0.4805966066591694,
        "topk_splice_k1": 0.9150333839349354,
        "topk_splice_k2": 0.9639070521759632,
        "topk_splice_k4": 0.9722850534416927
      },
      "f1": {
        "f1_splice_best": 0.9240392894168087,
        "f1_splice_threshold": 0.6500000000000001
      },
      "positional": {
        "positional_splice_mean_offset": 12.053701626472238,
        "positional_splice_median_offset": 0.0,
        "positional_splice_within_1bp": 0.9760936623667975,
        "positional_splice_within_5bp": 0.9782319125070107
      }
    },
    "averaged": {
      "auprc": {
        "auprc_splice": 0.9697075777346971
      },
      "topk": {
        "topk_global_splice": 0.9318006858422563,
        "topk_splice_k0.5": 0.48091561428781426,
        "topk_splice_k1": 0.9208005592670471,
        "topk_splice_k2": 0.9646607170010257,
        "topk_splice_k4": 0.9725916943362385
      },
      "f1": {
        "f1_splice_best": 0.9320442763065715,
        "f1_splice_threshold": 0.5
      },
      "positional": {
        "positional_splice_mean_offset": 30.616977952534757,
        "positional_splice_median_offset": 0.0,
        "positional_splice_within_1bp": 0.9685437438562,
        "positional_splice_within_5bp": 0.9706150821513833
      }
    }
  }
}