{
  "model": "splicemamba",
  "checkpoint": "checkpoints/best.pt",
  "temperature": 1.0,
  "timestamp": "2026-05-02T10:07:32.024026",
  "n_genes": 1652,
  "metrics": {
    "auprc": {
      "auprc_donor": 0.9721820456145058,
      "auprc_acceptor": 0.9676788706746584,
      "auprc_mean": 0.9699304581445821
    },
    "auroc": {
      "auroc_donor": 0.9976363794072577,
      "auroc_acceptor": 0.9966929762883983,
      "auroc_mean": 0.997164677847828
    },
    "topk": {
      "topk_global_acceptor": 0.9406536496605781,
      "topk_global_donor": 0.945342571208622,
      "topk_global_mean": 0.9429981104346,
      "topk_donor_k0.5": 0.4785254901905118,
      "topk_donor_k1": 0.9204268505772645,
      "topk_donor_k2": 0.9638934563950613,
      "topk_donor_k4": 0.9736458990356411,
      "topk_acceptor_k0.5": 0.479918638096305,
      "topk_acceptor_k1": 0.9203520886159755,
      "topk_acceptor_k2": 0.9598125408106658,
      "topk_acceptor_k4": 0.9704142461302794
    },
    "positional": {
      "positional_donor_mean_offset": 97.58516079310587,
      "positional_donor_median_offset": 0.0,
      "positional_donor_within_1bp": 0.9643382610523366,
      "positional_donor_within_5bp": 0.9654592587402788,
      "positional_acceptor_mean_offset": 149.7062535053281,
      "positional_acceptor_median_offset": 0.0,
      "positional_acceptor_within_1bp": 0.9582865956253506,
      "positional_acceptor_within_5bp": 0.9618620302860348
    },
    "f1_optimal": {
      "f1_acceptor_best": 0.9414304420143681,
      "f1_acceptor_threshold": 0.9000000000000002,
      "f1_donor_best": 0.9457238582260624,
      "f1_donor_threshold": 0.9000000000000002
    },
    "threshold_sweep": {
      "acceptor": [
        {
          "threshold": 0.05,
          "precision": 0.00017317821732895487,
          "recall": 1.0,
          "f1": 0.0003462964636536669,
          "tp": 14289,
          "fp": 82496088,
          "fn": 0
        },
        {
          "threshold": 0.1,
          "precision": 0.00017318082206072306,
          "recall": 1.0,
          "f1": 0.0003463016713133271,
          "tp": 14289,
          "fp": 82494847,
          "fn": 0
        },
        {
          "threshold": 0.15,
          "precision": 0.675087989971554,
          "recall": 0.9799146196374834,
          "f1": 0.7994290608050243,
          "tp": 14002,
          "fp": 6739,
          "fn": 287
        },
        {
          "threshold": 0.2,
          "precision": 0.7987359954036196,
          "recall": 0.9729162292672685,
          "f1": 0.8772638354262636,
          "tp": 13902,
          "fp": 3503,
          "fn": 387
        },
        {
          "threshold": 0.25,
          "precision": 0.8366668680887063,
          "recall": 0.9689971306599482,
          "f1": 0.8979830079771711,
          "tp": 13846,
          "fp": 2703,
          "fn": 443
        },
        {
          "threshold": 0.3,
          "precision": 0.8567260537587684,
          "recall": 0.9658478549933516,
          "f1": 0.908020264491085,
          "tp": 13801,
          "fp": 2308,
          "fn": 488
        },
        {
          "threshold": 0.35,
          "precision": 0.8705517982428418,
          "recall": 0.9638883056896914,
          "f1": 0.9148455662570575,
          "tp": 13773,
          "fp": 2048,
          "fn": 516
        },
        {
          "threshold": 0.4,
          "precision": 0.8799385285266056,
          "recall": 0.9617188046749248,
          "f1": 0.9190129071089413,
          "tp": 13742,
          "fp": 1875,
          "fn": 547
        },
        {
          "threshold": 0.45,
          "precision": 0.8890401192559466,
          "recall": 0.9599692070823711,
          "f1": 0.9231442223568208,
          "tp": 13717,
          "fp": 1712,
          "fn": 572
        },
        {
          "threshold": 0.5,
          "precision": 0.8965946299934512,
          "recall": 0.9581496255861152,
          "f1": 0.9263506884536012,
          "tp": 13691,
          "fp": 1579,
          "fn": 598
        },
        {
          "threshold": 0.55,
          "precision": 0.9030190922904142,
          "recall": 0.9566099797046679,
          "f1": 0.9290423435057432,
          "tp": 13669,
          "fp": 1468,
          "fn": 620
        },
        {
          "threshold": 0.6,
          "precision": 0.9098726751549897,
          "recall": 0.9552103016306249,
          "f1": 0.9319904404233526,
          "tp": 13649,
          "fp": 1352,
          "fn": 640
        },
        {
          "threshold": 0.65,
          "precision": 0.9150880021496708,
          "recall": 0.9533207362306669,
          "f1": 0.9338131962296485,
          "tp": 13622,
          "fp": 1264,
          "fn": 667
        },
        {
          "threshold": 0.7,
          "precision": 0.9213041415305362,
          "recall": 0.9512212191196024,
          "f1": 0.9360236898285242,
          "tp": 13592,
          "fp": 1161,
          "fn": 697
        },
        {
          "threshold": 0.75,
          "precision": 0.92853227353707,
          "recall": 0.9483518790678144,
          "f1": 0.938337430322335,
          "tp": 13551,
          "fp": 1043,
          "fn": 738
        },
        {
          "threshold": 0.8,
          "precision": 0.934677195899141,
          "recall": 0.9442928126530898,
          "f1": 0.9394604003481288,
          "tp": 13493,
          "fp": 943,
          "fn": 796
        },
        {
          "threshold": 0.85,
          "precision": 0.9428912615903343,
          "recall": 0.9393939393939394,
          "f1": 0.9411393514461,
          "tp": 13423,
          "fp": 813,
          "fn": 866
        },
        {
          "threshold": 0.9,
          "precision": 0.9522479954180985,
          "recall": 0.9308559031422773,
          "f1": 0.9414304420143681,
          "tp": 13301,
          "fp": 667,
          "fn": 988
        },
        {
          "threshold": 0.95,
          "precision": 0.9658221264581321,
          "recall": 0.9097207642242284,
          "f1": 0.9369323915237134,
          "tp": 12999,
          "fp": 460,
          "fn": 1290
        },
        {
          "threshold": 0.96,
          "precision": 0.970205686630369,
          "recall": 0.8978934844985653,
          "f1": 0.93265001999055,
          "tp": 12830,
          "fp": 394,
          "fn": 1459
        },
        {
          "threshold": 0.97,
          "precision": 0.9761379744841707,
          "recall": 0.8674504863881307,
          "f1": 0.9185904324304295,
          "tp": 12395,
          "fp": 303,
          "fn": 1894
        },
        {
          "threshold": 0.98,
          "precision": 0.9867669953295277,
          "recall": 0.5322975715585415,
          "f1": 0.6915488475701231,
          "tp": 7606,
          "fp": 102,
          "fn": 6683
        },
        {
          "threshold": 0.99,
          "precision": 0.0,
          "recall": 0.0,
          "f1": 0.0,
          "tp": 0,
          "fp": 0,
          "fn": 14289
        },
        {
          "threshold": 1.0,
          "precision": 0.0,
          "recall": 0.0,
          "f1": 0.0,
          "tp": 0,
          "fp": 0,
          "fn": 14289
        }
      ],
      "donor": [
        {
          "threshold": 0.05,
          "precision": 0.00017316594653363237,
          "recall": 0.9999300160962978,
          "f1": 0.0003462719263646738,
          "tp": 14288,
          "fp": 82496161,
          "fn": 1
        },
        {
          "threshold": 0.1,
          "precision": 0.0001731686287334047,
          "recall": 0.9999300160962978,
          "f1": 0.0003462772889066939,
          "tp": 14288,
          "fp": 82494883,
          "fn": 1
        },
        {
          "threshold": 0.15,
          "precision": 0.689012121509545,
          "recall": 0.9825740079781651,
          "f1": 0.810015577222639,
          "tp": 14040,
          "fp": 6337,
          "fn": 249
        },
        {
          "threshold": 0.2,