{
  "model": "splicemamba",
  "checkpoint": "checkpoints/best.pt",
  "temperature": 1.0,
  "timestamp": "2026-04-10T18:15:34.095595",
  "n_genes": 1652,
  "metrics": {
    "auprc": {
      "auprc_donor": 0.956957885446145,
      "auprc_acceptor": 0.9553414325277179,
      "auprc_mean": 0.9561496589869314
    },
    "auroc": {
      "auroc_donor": 0.9967174913351369,
      "auroc_acceptor": 0.9966888416167262,
      "auroc_mean": 0.9967031664759316
    },
    "topk": {
      "topk_global_acceptor": 0.9186787038981035,
      "topk_global_donor": 0.9202183497795507,
      "topk_global_mean": 0.919448526838827,
      "topk_donor_k0.5": 0.47398744596775455,
      "topk_donor_k1": 0.8999444397249678,
      "topk_donor_k2": 0.9574225367865475,
      "topk_donor_k4": 0.9683549648426208,
      "topk_acceptor_k0.5": 0.4780880084530798,
      "topk_acceptor_k1": 0.90090338276947,
      "topk_acceptor_k2": 0.9535631719255133,
      "topk_acceptor_k4": 0.9657271012416898
    },
    "positional": {
      "positional_donor_mean_offset": 70.27129934787182,
      "positional_donor_median_offset": 0.0,
      "positional_donor_within_1bp": 0.9624149779117874,
      "positional_donor_within_5bp": 0.9642381319683052,
      "positional_acceptor_mean_offset": 98.87216148023549,
      "positional_acceptor_median_offset": 0.0,
      "positional_acceptor_within_1bp": 0.9588589851415755,
      "positional_acceptor_within_5bp": 0.9628539388842164
    },
    "f1_optimal": {
      "f1_acceptor_best": 0.9147926552506704,
      "f1_acceptor_threshold": 0.9000000000000002,
      "f1_donor_best": 0.9180531156350108,
      "f1_donor_threshold": 0.9000000000000002
    },
    "threshold_sweep": {
      "acceptor": [
        {
          "threshold": 0.05,
          "precision": 0.00017318099207414266,
          "recall": 1.0,
          "f1": 0.0003463020112224245,
          "tp": 14289,
          "fp": 82494766,
          "fn": 0
        },
        {
          "threshold": 0.1,
          "precision": 0.0001731869007725961,
          "recall": 1.0,
          "f1": 0.00034631382452722764,
          "tp": 14289,
          "fp": 82491951,
          "fn": 0
        },
        {
          "threshold": 0.15,
          "precision": 0.5124441841739258,
          "recall": 0.9798446357337812,
          "f1": 0.6729470572685109,
          "tp": 14001,
          "fp": 13321,
          "fn": 288
        },
        {
          "threshold": 0.2,
          "precision": 0.6299918500407498,
          "recall": 0.9737560361116943,
          "f1": 0.7650309278350514,
          "tp": 13914,
          "fp": 8172,
          "fn": 375
        },
        {
          "threshold": 0.25,
          "precision": 0.6772334293948127,
          "recall": 0.970326824830289,
          "f1": 0.7977101432598814,
          "tp": 13865,
          "fp": 6608,
          "fn": 424
        },
        {
          "threshold": 0.3,
          "precision": 0.7086130040477533,
          "recall": 0.9678773882007138,
          "f1": 0.8181979530260901,
          "tp": 13830,
          "fp": 5687,
          "fn": 459
        },
        {
          "threshold": 0.35,
          "precision": 0.733563646027106,
          "recall": 0.9659178388970536,
          "f1": 0.833856935717738,
          "tp": 13802,
          "fp": 5013,
          "fn": 487
        },
        {
          "threshold": 0.4,
          "precision": 0.753969122960692,
          "recall": 0.9638183217859893,
          "f1": 0.8460758716019045,
          "tp": 13772,
          "fp": 4494,
          "fn": 517
        },
        {
          "threshold": 0.45,
          "precision": 0.7710775789532731,
          "recall": 0.9619987402897333,
          "f1": 0.8560219205380495,
          "tp": 13746,
          "fp": 4081,
          "fn": 543
        },
        {
          "threshold": 0.5,
          "precision": 0.7857879065506184,
          "recall": 0.960389110504584,
          "f1": 0.8643592731395459,
          "tp": 13723,
          "fp": 3741,
          "fn": 566
        },
        {
          "threshold": 0.55,
          "precision": 0.7995095749649697,
          "recall": 0.9583595772972217,
          "f1": 0.8717573288347074,
          "tp": 13694,
          "fp": 3434,
          "fn": 595
        },
        {
          "threshold": 0.6,
          "precision": 0.8129950568757073,
          "recall": 0.9553502694380293,
          "f1": 0.8784427284427284,
          "tp": 13651,
          "fp": 3140,
          "fn": 638
        },
        {
          "threshold": 0.65,
          "precision": 0.824818401937046,
          "recall": 0.9536006718454756,
          "f1": 0.8845467233600571,
          "tp": 13626,
          "fp": 2894,
          "fn": 663
        },
        {
          "threshold": 0.7,
          "precision": 0.8384430325087904,
          "recall": 0.9512212191196024,
          "f1": 0.8912786885245901,
          "tp": 13592,
          "fp": 2619,
          "fn": 697
        },
        {
          "threshold": 0.75,
          "precision": 0.8515958783613974,
          "recall": 0.9485618307789209,
          "f1": 0.8974673067372951,
          "tp": 13554,
          "fp": 2362,
          "fn": 735
        },
        {
          "threshold": 0.8,
          "precision": 0.8664315485732607,
          "recall": 0.9456225068234306,
          "f1": 0.9042966135724803,
          "tp": 13512,
          "fp": 2083,
          "fn": 777
        },
        {
          "threshold": 0.85,
          "precision": 0.8817859952793077,
          "recall": 0.9412135208901953,
          "f1": 0.9105311262313396,
          "tp": 13449,
          "fp": 1803,
          "fn": 840
        },
        {
          "threshold": 0.9,
          "precision": 0.8992090853782194,
          "recall": 0.9309258870459794,
          "f1": 0.9147926552506704,
          "tp": 13302,
          "fp": 1491,
          "fn": 987
        },
        {
          "threshold": 0.95,
          "precision": 0.9294940412474131,
          "recall": 0.9115403457204843,
          "f1": 0.9204296516147269,
          "tp": 13025,
          "fp": 988,
          "fn": 1264
        },
        {
          "threshold": 0.96,
          "precision": 0.9383157127232956,
          "recall": 0.9006228567429492,
          "f1": 0.9190829881445508,
          "tp": 12869,
          "fp": 846,
          "fn": 1420
        },
        {
          "threshold": 0.97,
          "precision": 0.9517146985020151,
          "recall": 0.8759185387360907,
          "f1": 0.9122448979591837,
          "tp": 12516,
          "fp": 635,
          "fn": 1773
        },
        {
          "threshold": 0.98,
          "precision": 0.9800473452823808,
          "recall": 0.6084400587864791,
          "f1": 0.7507772020725388,
          "tp": 8694,
          "fp": 177,
          "fn": 5595
        },
        {
          "threshold": 0.99,
          "precision": 0.0,
          "recall": 0.0,
          "f1": 0.0,
          "tp": 0,
          "fp": 0,
          "fn": 14289
        },
        {
          "threshold": 1.0,
          "precision": 0.0,
          "recall": 0.0,
          "f1": 0.0,
          "tp": 0,
          "fp": 0,
          "fn": 14289
        }
      ],
      "donor": [
        {
          "threshold": 0.05,
          "precision": 0.0001731809354029657,
          "recall": 1.0,
          "f1": 0.0003463018979193179,
          "tp": 14289,
          "fp": 82494793,
          "fn": 0
        },
        {
          "threshold": 0.1,
          "precision": 0.00017317516668109793,
          "recall": 0.9999300160962978,
          "f1": 0.0003462903602741845,
          "tp": 14288,
          "fp": 82491768,
          "fn": 1
        },
        {
          "threshold": 0.15,
          "precision": 0.5198045457910713,
          "recall": 0.9827139757855693,
          "f1": 0.6799506089146067,
          "tp": 14042,
          "fp": 12972,
          "fn": 247
        },
        {
          "threshold": 0.2,