{
  "model": "splicemamba_ensemble",
  "checkpoint": [
    "checkpoints/best.pt",
    "checkpoints-ensemble/model_2/best.pt",
    "checkpoints-ensemble/model_3/best.pt",
    "checkpoints-ensemble/model_4/best.pt",
    "checkpoints-ensemble/model_5/best.pt"
  ],
  "temperature": 1.0,
  "timestamp": "2026-04-16T09:46:34.346837",
  "n_genes": 1652,
  "metrics": {
    "auprc": {
      "auprc_donor": 0.9641694478911955,
      "auprc_acceptor": 0.9582253888975856,
      "auprc_mean": 0.9611974183943905
    },
    "auroc": {
      "auroc_donor": 0.9963310453784906,
      "auroc_acceptor": 0.9961153780516612,
      "auroc_mean": 0.9962232117150759
    },
    "topk": {
      "topk_global_acceptor": 0.9219679473721044,
      "topk_global_donor": 0.9280565469941914,
      "topk_global_mean": 0.9250122471831479,
      "topk_donor_k0.5": 0.4776229435288226,
      "topk_donor_k1": 0.9081780510136931,
      "topk_donor_k2": 0.9603292281848571,
      "topk_donor_k4": 0.9722185610329024,
      "topk_acceptor_k0.5": 0.47804241665714653,
      "topk_acceptor_k1": 0.902638120187537,
      "topk_acceptor_k2": 0.956017911565726,
      "topk_acceptor_k4": 0.9681346139648248
    },
    "positional": {
      "positional_donor_mean_offset": 69.86151041301451,
      "positional_donor_median_offset": 0.0,
      "positional_donor_within_1bp": 0.9685856531800014,
      "positional_donor_within_5bp": 0.9697777154477245,
      "positional_acceptor_mean_offset": 111.66421104328913,
      "positional_acceptor_median_offset": 0.0,
      "positional_acceptor_within_1bp": 0.9634462920086999,
      "positional_acceptor_within_5bp": 0.9669543254051779
    },
    "f1_optimal": {
      "f1_acceptor_best": 0.9225514959621474,
      "f1_acceptor_threshold": 0.8500000000000002,
      "f1_donor_best": 0.9273268168295793,
      "f1_donor_threshold": 0.8500000000000002
    },
    "threshold_sweep": {
      "acceptor": [
        {
          "threshold": 0.05,
          "precision": 0.0001731787126627259,
          "recall": 1.0,
          "f1": 0.00034629745397817354,
          "tp": 14289,
          "fp": 82495852,
          "fn": 0
        },
        {
          "threshold": 0.1,
          "precision": 0.0001731919512976815,
          "recall": 1.0,
          "f1": 0.00034632392207951696,
          "tp": 14289,
          "fp": 82489545,
          "fn": 0
        },
        {
          "threshold": 0.15,
          "precision": 0.28084512656966315,
          "recall": 0.9860732031632724,
          "f1": 0.4371771203400611,
          "tp": 14090,
          "fp": 36080,
          "fn": 199
        },
        {
          "threshold": 0.2,
          "precision": 0.4261827451218402,
          "recall": 0.9828539435929736,
          "f1": 0.5945556919690106,
          "tp": 14044,
          "fp": 18909,
          "fn": 245
        },
        {
          "threshold": 0.25,
          "precision": 0.5197256210604375,
          "recall": 0.9809643781930156,
          "f1": 0.6794638745485834,
          "tp": 14017,
          "fp": 12953,
          "fn": 272
        },
        {
          "threshold": 0.3,
          "precision": 0.5935083694451525,
          "recall": 0.9776751347190146,
          "f1": 0.7386258492611097,
          "tp": 13970,
          "fp": 9568,
          "fn": 319
        },
        {
          "threshold": 0.35,
          "precision": 0.6519073250643576,
          "recall": 0.9747358107635243,
          "f1": 0.7812868121388904,
          "tp": 13928,
          "fp": 7437,
          "fn": 361
        },
        {
          "threshold": 0.4,
          "precision": 0.7003431570448123,
          "recall": 0.971236615578417,
          "f1": 0.8138396129599765,
          "tp": 13878,
          "fp": 5938,
          "fn": 411
        },
        {
          "threshold": 0.45,
          "precision": 0.7416380789022299,
          "recall": 0.9682972916229268,
          "f1": 0.8399453634845956,
          "tp": 13836,
          "fp": 4820,
          "fn": 453
        },
        {
          "threshold": 0.5,
          "precision": 0.7768380694632386,
          "recall": 0.9642382252082021,
          "f1": 0.8604527712724435,
          "tp": 13778,
          "fp": 3958,
          "fn": 511
        },
        {
          "threshold": 0.55,
          "precision": 0.8067192280536597,
          "recall": 0.9595493036601581,
          "f1": 0.8765222950295668,
          "tp": 13711,
          "fp": 3285,
          "fn": 578
        },
        {
          "threshold": 0.6,
          "precision": 0.8357733537519142,
          "recall": 0.9548603821121142,
          "f1": 0.891356895537989,
          "tp": 13644,
          "fp": 2681,
          "fn": 645
        },
        {
          "threshold": 0.65,
          "precision": 0.860767522993974,
          "recall": 0.9496815732381553,
          "f1": 0.9030411925201305,
          "tp": 13570,
          "fp": 2195,
          "fn": 719
        },
        {
          "threshold": 0.7,
          "precision": 0.8847442043738096,
          "recall": 0.9428231506753447,
          "f1": 0.9128608212494919,
          "tp": 13472,
          "fp": 1755,
          "fn": 817
        },
        {
          "threshold": 0.75,
          "precision": 0.9050946340139746,
          "recall": 0.9337252431940654,
          "f1": 0.9191870478815019,
          "tp": 13342,
          "fp": 1399,
          "fn": 947
        },
        {
          "threshold": 0.8,
          "precision": 0.9226833029580822,
          "recall": 0.9211981244313808,
          "f1": 0.9219401155664507,
          "tp": 13163,
          "fp": 1103,
          "fn": 1126
        },
        {
          "threshold": 0.85,
          "precision": 0.938205499276411,
          "recall": 0.9074112954020576,
          "f1": 0.9225514959621474,
          "tp": 12966,
          "fp": 854,
          "fn": 1323
        },
        {
          "threshold": 0.9,
          "precision": 0.9558321317447067,
          "recall": 0.8814472671285605,
          "f1": 0.9171339110172577,
          "tp": 12595,
          "fp": 582,
          "fn": 1694
        },
        {
          "threshold": 0.95,
          "precision": 0.9703728362183754,
          "recall": 0.8160123171670516,
          "f1": 0.886523474624596,
          "tp": 11660,
          "fp": 356,
          "fn": 2629
        },
        {
          "threshold": 0.96,
          "precision": 0.9746294681778552,
          "recall": 0.7823500594863182,
          "f1": 0.867968477037152,
          "tp": 11179,
          "fp": 291,
          "fn": 3110
        },
        {
          "threshold": 0.97,
          "precision": 0.9799827602720046,
          "recall": 0.7160753026803836,
          "f1": 0.8274969672462597,
          "tp": 10232,
          "fp": 209,
          "fn": 4057
        },
        {
          "threshold": 0.98,
          "precision": 0.9878222362802467,
          "recall": 0.43711946252361955,
          "f1": 0.606054725402678,
          "tp": 6246,
          "fp": 77,
          "fn": 8043
        },
        {
          "threshold": 0.99,
          "precision": 0.0,
          "recall": 0.0,
          "f1": 0.0,
          "tp": 0,
          "fp": 0,
          "fn": 14289
        },
        {
          "threshold": 1.0,
          "precision": 0.0,
          "recall": 0.0,
          "f1": 0.0,
          "tp": 0,
          "fp": 0,
          "fn": 14289
        }
      ],
      "donor": [
        {
          "threshold": 0.05,
          "precision": 0.0001731785636425222,
          "recall": 1.0,
          "f1": 0.00034629715604096777,
          "tp": 14289,
          "fp": 82495923,
          "fn": 0
        },
        {
          "threshold": 0.1,
          "precision": 0.00017319309117014495,
          "recall": 1.0,
          "f1": 0.00034632620103497945,
          "tp": 14289,
          "fp": 82489002,
          "fn": 0
        },
        {
          "threshold": 0.15,
          "precision": 0.29808726459857865,