{
  "timestamp": "2026-04-10T19:57:48.650429",
  "evaluation_method": "annotation-based (Pangolin paper methodology)",
  "n_annotation_splice_sites": 28578,
  "tissues_available": [
    "brain",
    "heart",
    "liver",
    "testis"
  ],
  "models": {
    "splicemamba": {
      "annotation_based": {
        "all": {
          "auprc": {
            "auprc_splice": 0.9591117408613206
          },
          "topk": {
            "topk_global_splice": 0.9195884946462314,
            "topk_splice_k0.5": 0.47848605383958953,
            "topk_splice_k1": 0.9017438571070462,
            "topk_splice_k2": 0.9561476435684622,
            "topk_splice_k4": 0.9678217096841703
          },
          "f1": {
            "f1_splice_best": 0.9189405401645189,
            "f1_splice_threshold": 0.9500000000000001
          },
          "positional": {
            "positional_splice_mean_offset": 20.321106055302764,
            "positional_splice_median_offset": 0.0,
            "positional_splice_within_1bp": 0.9722786139306966,
            "positional_splice_within_5bp": 0.9754987749387469
          }
        }
      },
      "differential": {
        "brain_not_heart": {
          "n_sites": 109,
          "mean_score": 0.9368760038953309,
          "recall_at_0.3": 0.9724770642201835,
          "recall_at_0.5": 0.9357798165137615
        },
        "brain_not_liver": {
          "n_sites": 234,
          "mean_score": 0.9447482103465968,
          "recall_at_0.3": 0.9786324786324786,
          "recall_at_0.5": 0.9529914529914529
        },
        "brain_not_testis": {
          "n_sites": 26,
          "mean_score": 0.9419622008617108,
          "recall_at_0.3": 1.0,
          "recall_at_0.5": 0.9615384615384616
        },
        "heart_not_brain": {
          "n_sites": 325,
          "mean_score": 0.9731597553766691,
          "recall_at_0.3": 0.9846153846153847,
          "recall_at_0.5": 0.9784615384615385
        },
        "heart_not_liver": {
          "n_sites": 306,
          "mean_score": 0.9649726681265176,
          "recall_at_0.3": 0.9836601307189542,
          "recall_at_0.5": 0.9738562091503268
        },
        "heart_not_testis": {
          "n_sites": 36,
          "mean_score": 0.9911939236852858,
          "recall_at_0.3": 1.0,
          "recall_at_0.5": 1.0
        },
        "liver_not_brain": {
          "n_sites": 289,
          "mean_score": 0.9647908136506395,
          "recall_at_0.3": 0.9826989619377162,
          "recall_at_0.5": 0.9757785467128027
        },
        "liver_not_heart": {
          "n_sites": 145,
          "mean_score": 0.9577769951573734,
          "recall_at_0.3": 0.9793103448275862,
          "recall_at_0.5": 0.9724137931034482
        },
        "liver_not_testis": {
          "n_sites": 47,
          "mean_score": 0.990655963725232,
          "recall_at_0.3": 1.0,
          "recall_at_0.5": 1.0
        },
        "testis_not_brain": {
          "n_sites": 912,
          "mean_score": 0.9471854821435715,
          "recall_at_0.3": 0.9638157894736842,
          "recall_at_0.5": 0.9484649122807017
        },
        "testis_not_heart": {
          "n_sites": 706,
          "mean_score": 0.9360732120005335,
          "recall_at_0.3": 0.9560906515580736,
          "recall_at_0.5": 0.9348441926345609
        },
        "testis_not_liver": {
          "n_sites": 878,
          "mean_score": 0.9432226752433799,
          "recall_at_0.3": 0.9624145785876993,
          "recall_at_0.5": 0.9430523917995444
        }
      }
    },
    "pangolin": {
      "annotation_based": {
        "heart": {
          "auprc": {
            "auprc_splice": 0.9673058729350685
          },
          "topk": {
            "topk_global_splice": 0.9274616838127231,
            "topk_splice_k0.5": 0.48027953527087264,
            "topk_splice_k1": 0.9156185696360037,
            "topk_splice_k2": 0.963208476075419,
            "topk_splice_k4": 0.9714798627159322
          },
          "f1": {
            "f1_splice_best": 0.9280194770826717,
            "f1_splice_threshold": 0.45
          },
          "positional": {
            "positional_splice_mean_offset": 64.7863668306395,
            "positional_splice_median_offset": 0.0,
            "positional_splice_within_1bp": 0.9572382290934646,
            "positional_splice_within_5bp": 0.9593113141250879
          }
        },
        "liver": {
          "auprc": {
            "auprc_splice": 0.9679654652079472
          },
          "topk": {
            "topk_global_splice": 0.9289313457904682,
            "topk_splice_k0.5": 0.48026987165722984,
            "topk_splice_k1": 0.9154053905002062,
            "topk_splice_k2": 0.9638619762769831,
            "topk_splice_k4": 0.9714895875160955
          },
          "f1": {
            "f1_splice_best": 0.9292264366804541,
            "f1_splice_threshold": 0.45
          },
          "positional": {
            "positional_splice_mean_offset": 61.47699494239955,
            "positional_splice_median_offset": 0.0,
            "positional_splice_within_1bp": 0.9588718741219444,
            "positional_splice_within_5bp": 0.9608387187412194
          }
        },
        "brain": {
          "auprc": {
            "auprc_splice": 0.9673959252102362
          },
          "topk": {
            "topk_global_splice": 0.9273217160053188,
            "topk_splice_k0.5": 0.48076585071254824,
            "topk_splice_k1": 0.9157900978564587,
            "topk_splice_k2": 0.9633024438599856,
            "topk_splice_k4": 0.9719919335692891
          },
          "f1": {
            "f1_splice_best": 0.9277667564120731,
            "f1_splice_threshold": 0.55
          },
          "positional": {
            "positional_splice_mean_offset": 33.93247419060327,
            "positional_splice_median_offset": 0.0,
            "positional_splice_within_1bp": 0.9664302268417726,
            "positional_splice_within_5bp": 0.968466886719573
          }
        },
        "testis": {
          "auprc": {
            "auprc_splice": 0.9661993447290471
          },
          "topk": {
            "topk_global_splice": 0.9240674644831689,
            "topk_splice_k0.5": 0.4805966066591694,
            "topk_splice_k1": 0.9150333839349354,
            "topk_splice_k2": 0.9639070521759632,
            "topk_splice_k4": 0.9722850534416927
          },
          "f1": {
            "f1_splice_best": 0.9240392894168087,
            "f1_splice_threshold": 0.6500000000000001
          },
          "positional": {
            "positional_splice_mean_offset": 12.053701626472238,
            "positional_splice_median_offset": 0.0,
            "positional_splice_within_1bp": 0.9760936623667975,
            "positional_splice_within_5bp": 0.9782319125070107
          }
        },
        "averaged": {
          "auprc": {
            "auprc_splice": 0.9697075777346971
          },
          "topk": {
            "topk_global_splice": 0.9318006858422563,
            "topk_splice_k0.5": 0.48091561428781426,
            "topk_splice_k1": 0.9208005592670471,
            "topk_splice_k2": 0.9646607170010257,
            "topk_splice_k4": 0.9725916943362385
          },
          "f1": {
            "f1_splice_best": 0.9320442763065715,
            "f1_splice_threshold": 0.5
          },
          "positional": {
            "positional_splice_mean_offset": 30.616977952534757,
            "positional_splice_median_offset": 0.0,
            "positional_splice_within_1bp": 0.9685437438562,
            "positional_splice_within_5bp": 0.9706150821513833
          }
        }
      },
      "differential": {
        "brain_not_heart": {
          "n_sites": 109,
          "mean_score": 0.7619970598078649,
          "recall_at_0.3": 0.944954128440367,
          "recall_at_0.5": 0.8532110091743119
        },
        "brain_not_liver": {
          "n_sites": 234,
          "mean_score": 0.760665254938042,
          "recall_at_0.3": 0.9444444444444444,