{
  "model": "splicemamba",
  "checkpoint": "checkpoints/best.pt",
  "temperature": 1.0,
  "timestamp": "2026-04-30T17:56:30.614031",
  "n_genes": 1497,
  "metrics": {
    "auprc": {
      "auprc_donor": 0.3500866323179188,
      "auprc_acceptor": 0.6083512099970958,
      "auprc_mean": 0.4792189211575073
    },
    "auroc": {
      "auroc_donor": 0.9227098115372175,
      "auroc_acceptor": 0.9734059598808616,
      "auroc_mean": 0.9480578857090396
    },
    "topk": {
      "topk_global_acceptor": 0.5889140095111873,
      "topk_global_donor": 0.41202151711234114,
      "topk_global_mean": 0.5004677633117642,
      "topk_donor_k0.5": 0.302736099336902,
      "topk_donor_k1": 0.45381645558847594,
      "topk_donor_k2": 0.5757943943265783,
      "topk_donor_k4": 0.67669631965382,
      "topk_acceptor_k0.5": 0.42033582729481045,
      "topk_acceptor_k1": 0.6508209413306871,
      "topk_acceptor_k2": 0.7845321443724249,
      "topk_acceptor_k4": 0.8653931947166605
    },
    "positional": {
      "positional_donor_mean_offset": 3744.784509681449,
      "positional_donor_median_offset": 186.5,
      "positional_donor_within_1bp": 0.3533728919425359,
      "positional_donor_within_5bp": 0.3711742660836977,
      "positional_acceptor_mean_offset": 3073.9935781971963,
      "positional_acceptor_median_offset": 0.0,
      "positional_acceptor_within_1bp": 0.5012138773592294,
      "positional_acceptor_within_5bp": 0.5038765760827003
    },
    "f1_optimal": {
      "f1_acceptor_best": 0.5975620299126827,
      "f1_acceptor_threshold": 0.40000000000000013,
      "f1_donor_best": 0.41473738769868695,
      "f1_donor_threshold": 0.45000000000000007
    },
    "threshold_sweep": {
      "acceptor": [
        {
          "threshold": 0.05,
          "precision": 0.00017116653483004792,
          "recall": 1.0,
          "f1": 0.00034227448372275624,
          "tp": 12827,
          "fp": 74925887,
          "fn": 0
        },
        {
          "threshold": 0.1,
          "precision": 0.0001711809920370211,
          "recall": 1.0,
          "f1": 0.00034230338824046557,
          "tp": 12827,
          "fp": 74919558,
          "fn": 0
        },
        {
          "threshold": 0.15,
          "precision": 0.37154763850302336,
          "recall": 0.7089732595306775,
          "f1": 0.48757472589335976,
          "tp": 9094,
          "fp": 15382,
          "fn": 3733
        },
        {
          "threshold": 0.2,
          "precision": 0.4867449961622483,
          "recall": 0.6427067903640757,
          "f1": 0.5539578013707834,
          "tp": 8244,
          "fp": 8693,
          "fn": 4583
        },
        {
          "threshold": 0.25,
          "precision": 0.554373270908704,
          "recall": 0.6092617135729321,
          "f1": 0.5805229534987372,
          "tp": 7815,
          "fp": 6282,
          "fn": 5012
        },
        {
          "threshold": 0.3,
          "precision": 0.6006112272800386,
          "recall": 0.5822094020425664,
          "f1": 0.5912671707375005,
          "tp": 7468,
          "fp": 4966,
          "fn": 5359
        },
        {
          "threshold": 0.35,
          "precision": 0.6397144132083891,
          "recall": 0.5588212364543541,
          "f1": 0.596537949400799,
          "tp": 7168,
          "fp": 4037,
          "fn": 5659
        },
        {
          "threshold": 0.4,
          "precision": 0.6706122052973708,
          "recall": 0.5388633351524129,
          "f1": 0.5975620299126827,
          "tp": 6912,
          "fp": 3395,
          "fn": 5915
        },
        {
          "threshold": 0.45,
          "precision": 0.6944676409185804,
          "recall": 0.5186715521945895,
          "f1": 0.593832284553934,
          "tp": 6653,
          "fp": 2927,
          "fn": 6174
        },
        {
          "threshold": 0.5,
          "precision": 0.7200672645739911,
          "recall": 0.5007406252436267,
          "f1": 0.5907021658159747,
          "tp": 6423,
          "fp": 2497,
          "fn": 6404
        },
        {
          "threshold": 0.55,
          "precision": 0.7456563706563707,
          "recall": 0.4817962111171747,
          "f1": 0.5853658536585367,
          "tp": 6180,
          "fp": 2108,
          "fn": 6647
        },
        {
          "threshold": 0.6,
          "precision": 0.7674689440993789,
          "recall": 0.4623840336789585,
          "f1": 0.5770858671855997,
          "tp": 5931,
          "fp": 1797,
          "fn": 6896
        },
        {
          "threshold": 0.65,
          "precision": 0.7871012482662968,
          "recall": 0.4424261323770172,
          "f1": 0.5664520636821879,
          "tp": 5675,
          "fp": 1535,
          "fn": 7152
        },
        {
          "threshold": 0.7,
          "precision": 0.8072307230723073,
          "recall": 0.41950573010056913,
          "f1": 0.5520956240701791,
          "tp": 5381,
          "fp": 1285,
          "fn": 7446
        },
        {
          "threshold": 0.75,
          "precision": 0.8250121182743577,
          "recall": 0.39806657831137443,
          "f1": 0.5370214556163231,
          "tp": 5106,
          "fp": 1083,
          "fn": 7721
        },
        {
          "threshold": 0.8,
          "precision": 0.8500264970853206,
          "recall": 0.37514617603492634,
          "f1": 0.5205538727823453,
          "tp": 4812,
          "fp": 849,
          "fn": 8015
        },
        {
          "threshold": 0.85,
          "precision": 0.8746782815284102,
          "recall": 0.3444297185624074,
          "f1": 0.494238729164336,
          "tp": 4418,
          "fp": 633,
          "fn": 8409
        },
        {
          "threshold": 0.9,
          "precision": 0.9034450433559879,
          "recall": 0.3005379278085289,
          "f1": 0.45103545103545106,
          "tp": 3855,
          "fp": 412,
          "fn": 8972
        },
        {
          "threshold": 0.95,
          "precision": 0.935191403626595,
          "recall": 0.21712013721057144,
          "f1": 0.3524201202151218,
          "tp": 2785,
          "fp": 193,
          "fn": 10042
        },
        {
          "threshold": 0.96,
          "precision": 0.944025406907503,
          "recall": 0.18539019256256334,
          "f1": 0.30991789391372343,
          "tp": 2378,
          "fp": 141,
          "fn": 10449
        },
        {
          "threshold": 0.97,
          "precision": 0.951539338654504,
          "recall": 0.13011616122242145,
          "f1": 0.22892805706055827,
          "tp": 1669,
          "fp": 85,
          "fn": 11158
        },
        {
          "threshold": 0.98,
          "precision": 0.9605911330049262,
          "recall": 0.015202307632338038,
          "f1": 0.029930928626247123,
          "tp": 195,
          "fp": 8,
          "fn": 12632
        },
        {
          "threshold": 0.99,
          "precision": 0.0,
          "recall": 0.0,
          "f1": 0.0,
          "tp": 0,
          "fp": 0,
          "fn": 12827
        },
        {
          "threshold": 1.0,
          "precision": 0.0,
          "recall": 0.0,
          "f1": 0.0,
          "tp": 0,
          "fp": 0,
          "fn": 12827
        }
      ],
      "donor": [
        {
          "threshold": 0.05,
          "precision": 0.000171166119127242,
          "recall": 1.0,
          "f1": 0.00034227365260168865,
          "tp": 12827,
          "fp": 74926069,
          "fn": 0
        },
        {
          "threshold": 0.1,
          "precision": 0.0001711782324384205,
          "recall": 1.0,
          "f1": 0.0003422978709323273,
          "tp": 12827,
          "fp": 74920766,
          "fn": 0
        },
        {
          "threshold": 0.15,
          "precision": 0.23409524446972993,
          "recall": 0.5453340609651516,
          "f1": 0.3275732883768849,
          "tp": 6995,
          "fp": 22886,
          "fn": 5832
        },
        {
          "threshold": 0.2,