{
  "model": "splicemamba",
  "checkpoint": "checkpoints/best.pt",
  "temperature": 1.0,
  "timestamp": "2026-04-30T11:46:29.600898",
  "n_genes": 1652,
  "metrics": {
    "auprc": {
      "auprc_donor": 0.334362383189433,
      "auprc_acceptor": 0.5494320323508767,
      "auprc_mean": 0.44189720777015484
    },
    "auroc": {
      "auroc_donor": 0.9202601990477873,
      "auroc_acceptor": 0.9642904602467713,
      "auroc_mean": 0.9422753296472793
    },
    "topk": {
      "topk_global_acceptor": 0.5456644971656519,
      "topk_global_donor": 0.3940093778430961,
      "topk_global_mean": 0.469836937504374,
      "topk_donor_k0.5": 0.24350423465484589,
      "topk_donor_k1": 0.37320976487818375,
      "topk_donor_k2": 0.49233386141695795,
      "topk_donor_k4": 0.6027176188144026,
      "topk_acceptor_k0.5": 0.3448274136359319,
      "topk_acceptor_k1": 0.5349325232107528,
      "topk_acceptor_k2": 0.6740623743576953,
      "topk_acceptor_k4": 0.7763712995882336
    },
    "positional": {
      "positional_donor_mean_offset": 4153.6714436248685,
      "positional_donor_median_offset": 197.0,
      "positional_donor_within_1bp": 0.344502985598876,
      "positional_donor_within_5bp": 0.36164383561643837,
      "positional_acceptor_mean_offset": 3604.895261669024,
      "positional_acceptor_median_offset": 120.5,
      "positional_acceptor_within_1bp": 0.4751060820367751,
      "positional_acceptor_within_5bp": 0.47835926449787836
    },
    "f1_optimal": {
      "f1_acceptor_best": 0.5535238095238095,
      "f1_acceptor_threshold": 0.40000000000000013,
      "f1_donor_best": 0.3983574471351269,
      "f1_donor_threshold": 0.45000000000000007
    },
    "threshold_sweep": {
      "acceptor": [
        {
          "threshold": 0.05,
          "precision": 0.00017316238703059893,
          "recall": 1.0,
          "f1": 0.0003462648140194575,
          "tp": 14289,
          "fp": 82503631,
          "fn": 0
        },
        {
          "threshold": 0.1,
          "precision": 0.00017316567160235692,
          "recall": 0.9999300160962978,
          "f1": 0.00034627137669252157,
          "tp": 14288,
          "fp": 82496292,
          "fn": 1
        },
        {
          "threshold": 0.15,
          "precision": 0.3338156761412575,
          "recall": 0.6780740429701169,
          "f1": 0.44738421757399444,
          "tp": 9689,
          "fp": 19336,
          "fn": 4600
        },
        {
          "threshold": 0.2,
          "precision": 0.4334442182612581,
          "recall": 0.6109594793197565,
          "f1": 0.5071158873075805,
          "tp": 8730,
          "fp": 11411,
          "fn": 5559
        },
        {
          "threshold": 0.25,
          "precision": 0.49253999640481755,
          "recall": 0.5752676884316608,
          "f1": 0.5306992058880496,
          "tp": 8220,
          "fp": 8469,
          "fn": 6069
        },
        {
          "threshold": 0.3,
          "precision": 0.5371980015057148,
          "recall": 0.5493036601581637,
          "f1": 0.5431833910034602,
          "tp": 7849,
          "fp": 6762,
          "fn": 6440
        },
        {
          "threshold": 0.35,
          "precision": 0.5775736701109836,
          "recall": 0.5280985373364127,
          "f1": 0.5517291803758134,
          "tp": 7546,
          "fp": 5519,
          "fn": 6743
        },
        {
          "threshold": 0.4,
          "precision": 0.6073906863974584,
          "recall": 0.5084330603961089,
          "f1": 0.5535238095238095,
          "tp": 7265,
          "fp": 4696,
          "fn": 7024
        },
        {
          "threshold": 0.45,
          "precision": 0.6345246734397678,
          "recall": 0.4895374063965288,
          "f1": 0.5526804408801802,
          "tp": 6995,
          "fp": 4029,
          "fn": 7294
        },
        {
          "threshold": 0.5,
          "precision": 0.6617329935306803,
          "recall": 0.47246133389320455,
          "f1": 0.5513045608590911,
          "tp": 6751,
          "fp": 3451,
          "fn": 7538
        },
        {
          "threshold": 0.55,
          "precision": 0.6845475540625656,
          "recall": 0.4563650360417104,
          "f1": 0.5476380432500525,
          "tp": 6521,
          "fp": 3005,
          "fn": 7768
        },
        {
          "threshold": 0.6,
          "precision": 0.706280302176119,
          "recall": 0.43837917279025823,
          "f1": 0.540979359184731,
          "tp": 6264,
          "fp": 2605,
          "fn": 8025
        },
        {
          "threshold": 0.65,
          "precision": 0.7326515704894083,
          "recall": 0.4211631324795297,
          "f1": 0.534862018397547,
          "tp": 6018,
          "fp": 2196,
          "fn": 8271
        },
        {
          "threshold": 0.7,
          "precision": 0.7572892040977147,
          "recall": 0.4035271887465883,
          "f1": 0.5265032187371593,
          "tp": 5766,
          "fp": 1848,
          "fn": 8523
        },
        {
          "threshold": 0.75,
          "precision": 0.7811471892433128,
          "recall": 0.382182098117433,
          "f1": 0.513251879699248,
          "tp": 5461,
          "fp": 1530,
          "fn": 8828
        },
        {
          "threshold": 0.8,
          "precision": 0.8081677358785793,
          "recall": 0.36146686262159705,
          "f1": 0.4995164410058027,
          "tp": 5165,
          "fp": 1226,
          "fn": 9124
        },
        {
          "threshold": 0.85,
          "precision": 0.8314979898619123,
          "recall": 0.33291342991112044,
          "f1": 0.4754622688655672,
          "tp": 4757,
          "fp": 964,
          "fn": 9532
        },
        {
          "threshold": 0.9,
          "precision": 0.8632860040567951,
          "recall": 0.29785149415634404,
          "f1": 0.4428950517716842,
          "tp": 4256,
          "fp": 674,
          "fn": 10033
        },
        {
          "threshold": 0.95,
          "precision": 0.9034009717062018,
          "recall": 0.22121911960249144,
          "f1": 0.3554081403193164,
          "tp": 3161,
          "fp": 338,
          "fn": 11128
        },
        {
          "threshold": 0.96,
          "precision": 0.9135967849966511,
          "recall": 0.19091608929946113,
          "f1": 0.3158321273516643,
          "tp": 2728,
          "fp": 258,
          "fn": 11561
        },
        {
          "threshold": 0.97,
          "precision": 0.9268065268065268,
          "recall": 0.13912800055987123,
          "f1": 0.24193744675672385,
          "tp": 1988,
          "fp": 157,
          "fn": 12301
        },
        {
          "threshold": 0.98,
          "precision": 0.9333333333333333,
          "recall": 0.017635943732941424,
          "f1": 0.03461776220894292,
          "tp": 252,
          "fp": 18,
          "fn": 14037
        },
        {
          "threshold": 0.99,
          "precision": 0.0,
          "recall": 0.0,
          "f1": 0.0,
          "tp": 0,
          "fp": 0,
          "fn": 14289
        },
        {
          "threshold": 1.0,
          "precision": 0.0,
          "recall": 0.0,
          "f1": 0.0,
          "tp": 0,
          "fp": 0,
          "fn": 14289
        }
      ],
      "donor": [
        {
          "threshold": 0.05,
          "precision": 0.0001731620344863056,
          "recall": 1.0,
          "f1": 0.0003462641091749969,
          "tp": 14289,
          "fp": 82503799,
          "fn": 0
        },
        {
          "threshold": 0.1,
          "precision": 0.00017317569033127605,
          "recall": 1.0,
          "f1": 0.00034629141140832563,
          "tp": 14289,
          "fp": 82497292,
          "fn": 0
        },
        {
          "threshold": 0.15,
          "precision": 0.222234989945418,
          "recall": 0.5413954790398209,
          "f1": 0.3151184341839956,
          "tp": 7736,
          "fp": 27074,
          "fn": 6553
        },
        {
          "threshold": 0.2,